Pontos;Nome;Data;Semente;Destino;Enterrada;Distancia;D2;D3;D4;Mudanca;
AFV07;Lago das Fadas;20.04.2018;C1;N;N;0;0;0;0;N;
AFV07;Lago das Fadas;20.04.2018;C2;N;N;0;0;0;0;N;
AFV07;Lago das Fadas;20.04.2018;C3;N;N;0;0;0;0;N;
AFV07;Lago das Fadas;20.04.2018;C4;N;N;0;0;0;0;N;
AFV07;Lago das Fadas;20.04.2018;C5;N;N;0;0;0;0;N;
AFV07;Lago das Fadas;20.04.2018;C6;N;N;0;0;0;0;N;
AFV07;Lago das Fadas;20.04.2018;C7;N;N;0;0;0;0;N;
AFV07;Lago das Fadas;20.04.2018;C8;N;N;0;0;0;0;N;
AFV07;Lago das Fadas;20.04.2018;C9;N;N;0;0;0;0;N;
AFV07;Lago das Fadas;20.04.2018;C10;N;N;0;0;0;0;N;
AFV12;Anathema;02.05.2018;C1;N;N;0;0;0;0;N;
AFV12;Anathema;20.04.2018;C1;N;N;0;0;0;0;N;
AFV12;Anathema;24.04.2018;C1;N;N;0;0;0;0;N;
AFV12;Anathema;01.08.2018;C1;P;N;3;0;0;0;N;
AFV12;Anathema;02.07.2018;C1;P;N;3;0;0;0;N;
AFV12;Anathema;09.05.2018;C1;P;N;3;0;0;0;S;
AFV12;Anathema;14.06.2018;C1;P;N;3;0;0;0;N;
AFV12;Anathema;16.05.2018;C1;P;N;3;0;0;0;N;
AFV12;Anathema;30.05.2018;C1;P;N;3;0;0;0;N;
AFV12;Anathema;02.05.2018;C10;D;N;6.1;0;0;0;N;
AFV20;Grutas;20.04.2018;C1;N;N;0;0;0;0;N;
AFV20;Grutas;20.04.2018;C2;N;N;0;0;0;0;N;
AFV20;Grutas;20.04.2018;C3;N;N;0;0;0;0;N;
AFV20;Grutas;20.04.2018;C4;N;N;0;0;0;0;N;
AFV20;Grutas;20.04.2018;C5;N;N;0;0;0;0;N;
AFV20;Grutas;20.04.2018;C6;N;N;0;0;0;0;N;
AFV20;Grutas;20.04.2018;C7;N;N;0;0;0;0;N;
AFV20;Grutas;20.04.2018;C8;N;N;0;0;0;0;N;
AFV20;Grutas;20.04.2018;C9;N;N;0;0;0;0;N;
AFV20;Grutas;20.04.2018;C10;N;N;0;0;0;0;N;
AFV06;Muro;20.04.2018;C1;N;N;0;0;0;0;N;
AFV06;Muro;20.04.2018;C2;N;N;0;0;0;0;N;
AFV06;Muro;20.04.2018;C3;N;N;0;0;0;0;N;
AFV06;Muro;20.04.2018;C4;N;N;0;0;0;0;N;
AFV06;Muro;20.04.2018;C5;N;N;0;0;0;0;N;
AFV06;Muro;20.04.2018;C6;N;N;0;0;0;0;N;
AFV06;Muro;20.04.2018;C7;N;N;0;0;0;0;N;
AFV06;Muro;20.04.2018;C8;N;N;0;0;0;0;N;
AFV06;Muro;20.04.2018;C9;N;N;0;0;0;0;N;
AFV06;Muro;20.04.2018;C10;N;N;0;0;0;0;N;
AFV12;Anathema;24.04.2018;C10;D;N;6.1;0;0;0;S;
AFV12;Anathema;20.04.2018;C10;N;N;0;0;0;0;N;
AFV12;Anathema;01.08.2018;C10;P;N;6.1;0;0;0;N;
AFV12;Anathema;02.07.2018;C10;P;N;6.1;0;0;0;N;
AFV12;Anathema;09.05.2018;C10;P;N;6.1;0;0;0;S;
AFV12;Anathema;14.06.2018;C10;P;N;6.1;0;0;0;N;
AFV12;Anathema;16.05.2018;C10;P;N;6.1;0;0;0;N;
AFV12;Anathema;30.05.2018;C10;P;N;6.1;0;0;0;N;
AFV12;Anathema;01.08.2018;C2;D;S;18.2;0;0;0;N;
AFV12;Anathema;02.05.2018;C2;D;S;18.2;0;0;0;S;
AFV10a;Banheira;20.04.2018;C1;N;N;0;0;0;0;N;
AFV10a;Banheira;20.04.2018;C2;N;N;0;0;0;0;N;
AFV10a;Banheira;20.04.2018;C3;N;N;0;0;0;0;N;
AFV10a;Banheira;20.04.2018;C4;N;N;0;0;0;0;N;
AFV10a;Banheira;20.04.2018;C5;N;N;0;0;0;0;N;
AFV10a;Banheira;20.04.2018;C6;N;N;0;0;0;0;N;
AFV10a;Banheira;20.04.2018;C7;N;N;0;0;0;0;N;
AFV10a;Banheira;20.04.2018;C8;N;N;0;0;0;0;N;
AFV10a;Banheira;20.04.2018;C9;N;N;0;0;0;0;N;
AFV10a;Banheira;20.04.2018;C10;N;N;0;0;0;0;N;
AFV12;Anathema;02.07.2018;C2;D;S;18.2;0;0;0;N;
AFV12;Anathema;09.05.2018;C2;D;S;18.2;0;0;0;N;
AFV12;Anathema;14.06.2018;C2;D;S;18.2;0;0;0;N;
AFV12;Anathema;16.05.2018;C2;D;S;18.2;0;0;0;N;
AFV12;Anathema;20.04.2018;C2;N;N;0;0;0;0;N;
AFV12;Anathema;24.04.2018;C2;N;N;0;0;0;0;N;
AFV12;Anathema;30.05.2018;C2;D;S;18.2;0;0;0;N;
AFV12;Anathema;02.05.2018;C3;D;S;7;0;0;0;S;
AFV12;Anathema;09.05.2018;C3;D;S;7;0;0;0;N;
AFV12;Anathema;16.05.2018;C3;D;S;7;0;0;0;N;
AFV12;Anathema;20.04.2018;C3;N;N;0;0;0;0;N;
AFV12;Anathema;24.04.2018;C3;N;N;0;0;0;0;N;
AFV12;Anathema;01.08.2018;C3;P;S;7;0;0;0;N;
AFV12;Anathema;02.07.2018;C3;P;S;7;0;0;0;N;
AFV12;Anathema;14.06.2018;C3;P;S;7;0;0;0;N;
AFV12;Anathema;30.05.2018;C3;P;S;7;0;0;0;S;
AFV12;Anathema;01.08.2018;C4;P;N;22;0;0;0;S;
AFV12;Anathema;02.05.2018;C4;N;N;0;0;0;0;N;
AFV12;Anathema;02.07.2018;C4;D;N;22;0;0;0;N;
AFV12;Anathema;09.05.2018;C4;N;N;0;0;0;0;N;
AFV13;Centro de Visitantes;20.04.2018;C1;N;N;0;0;0;0;N;
AFV13;Centro de Visitantes;20.04.2018;C2;D;S;33;0;0;0;S;
AFV13;Centro de Visitantes;20.04.2018;C3;N;N;0;0;0;0;N;
AFV13;Centro de Visitantes;20.04.2018;C4;N;N;0;0;0;0;N;
AFV13;Centro de Visitantes;20.04.2018;C5;N;N;0;0;0;0;N;
AFV13;Centro de Visitantes;20.04.2018;C6;N;N;0;0;0;0;N;
AFV13;Centro de Visitantes;20.04.2018;C7;N;N;0;0;0;0;N;
AFV13;Centro de Visitantes;20.04.2018;C8;N;N;0;0;0;0;N;
AFV13;Centro de Visitantes;20.04.2018;C9;D;S;41.3;0;0;0;S;
AFV13;Centro de Visitantes;20.04.2018;C10;N;N;0;0;0;0;N;
AFV08;Cercado;20.04.2018;C1;D;N;17;0;0;0;S;
AFV08;Cercado;20.04.2018;C2;D;N;16;0;0;0;S;
AFV08;Cercado;20.04.2018;C3;N;N;0;0;0;0;N;
AFV08;Cercado;20.04.2018;C4;N;N;0;0;0;0;N;
AFV08;Cercado;20.04.2018;C5;N;N;0;0;0;0;N;
AFV12;Anathema;01.08.2018;C5;P;N;6;0;0;0;N;
AFV12;Anathema;02.07.2018;C5;P;N;6;0;0;0;N;
AFV08;Cercado;20.04.2018;C8;D;N;21.3;0;0;0;S;
AFV12;Anathema;09.05.2018;C5;P;N;6;0;0;0;S;
AFV08;Cercado;20.04.2018;C10;D;N;32;0;0;0;S;
AFV03;Circuito Mylena;20.04.2018;C1;N;N;0;0;0;0;N;
AFV03;Circuito Mylena;20.04.2018;C2;N;N;0;0;0;0;N;
AFV03;Circuito Mylena;20.04.2018;C3;N;N;0;0;0;0;N;
AFV03;Circuito Mylena;20.04.2018;C4;N;N;0;0;0;0;N;
AFV03;Circuito Mylena;20.04.2018;C5;N;N;0;0;0;0;N;
AFV03;Circuito Mylena;20.04.2018;C6;N;N;0;0;0;0;N;
AFV03;Circuito Mylena;20.04.2018;C7;N;N;0;0;0;0;N;
AFV03;Circuito Mylena;20.04.2018;C8;N;N;0;0;0;0;N;
AFV03;Circuito Mylena;20.04.2018;C9;N;N;0;0;0;0;N;
AFV03;Circuito Mylena;20.04.2018;C10;N;N;0;0;0;0;N;
AFV12;Anathema;14.06.2018;C4;D;N;22;0;0;0;N;
AFV12;Anathema;16.05.2018;C4;D;N;22;0;0;0;S;
AFV12;Anathema;20.04.2018;C4;N;N;0;0;0;0;N;
AFV12;Anathema;24.04.2018;C4;N;N;0;0;0;0;N;
AFV12;Anathema;30.05.2018;C4;D;N;22;0;0;0;N;
AFV12;Anathema;14.06.2018;C5;P;N;6;0;0;0;N;
AFV12;Anathema;02.05.2018;C5;N;N;0;0;0;0;N;
AFV12;Anathema;16.05.2018;C5;P;N;6;0;0;0;N;
AFV12;Anathema;30.05.2018;C5;P;N;6;0;0;0;N;
AFV12;Anathema;01.08.2018;C6;P;S;30;17;0;0;S;
AFV09;Cercado Acima;20.04.2018;C1;N;N;0;0;0;0;N;
AFV09;Cercado Acima;20.04.2018;C2;N;N;0;0;0;0;N;
AFV09;Cercado Acima;20.04.2018;C3;N;N;0;0;0;0;N;
AFV09;Cercado Acima;20.04.2018;C4;N;N;0;0;0;0;N;
AFV09;Cercado Acima;20.04.2018;C5;N;N;0;0;0;0;N;
AFV09;Cercado Acima;20.04.2018;C6;N;N;0;0;0;0;N;
AFV09;Cercado Acima;20.04.2018;C7;N;N;0;0;0;0;N;
AFV09;Cercado Acima;20.04.2018;C8;N;N;0;0;0;0;N;
AFV09;Cercado Acima;20.04.2018;C9;N;N;0;0;0;0;N;
AFV09;Cercado Acima;20.04.2018;C10;N;N;0;0;0;0;N;
AFV16a;Saida;20.04.2018;C1;N;N;0;0;0;0;N;
AFV16a;Saida;20.04.2018;C2;N;N;0;0;0;0;N;
AFV16a;Saida;20.04.2018;C3;N;N;0;0;0;0;N;
AFV16a;Saida;20.04.2018;C4;N;N;0;0;0;0;N;
AFV16a;Saida;20.04.2018;C5;N;N;0;0;0;0;N;
AFV16a;Saida;20.04.2018;C6;N;N;0;0;0;0;N;
AFV16a;Saida;20.04.2018;C7;N;N;0;0;0;0;N;
AFV16a;Saida;20.04.2018;C8;N;N;0;0;0;0;N;
AFV16a;Saida;20.04.2018;C9;N;N;0;0;0;0;N;
AFV16a;Saida;20.04.2018;C10;N;N;0;0;0;0;N;
AFV12;Anathema;01.08.2018;C8;P;N;12;0;0;0;N;
AFV12;Anathema;20.04.2018;C5;N;N;0;0;0;0;N;
AFV12;Anathema;24.04.2018;C5;N;N;0;0;0;0;N;
AFV12;Anathema;02.07.2018;C8;P;N;12;0;0;0;S;
AFV12;Anathema;09.05.2018;C8;P;N;12;0;0;0;S;
AFV12;Anathema;02.05.2018;C6;N;N;0;0;0;0;N;
AFV12;Anathema;02.07.2018;C6;D;S;30;17;0;0;N;
AFV12;Anathema;09.05.2018;C6;D;S;14.2;0;0;0;N;
AFV12;Anathema;14.06.2018;C6;D;S;30;17;0;0;N;
AFV12;Anathema;16.05.2018;C6;D;S;30;17;0;0;S;
AFV18;Escadaria Abaixo;20.04.2018;C1;N;N;0;0;0;0;N;
AFV18;Escadaria Abaixo;20.04.2018;C2;N;N;0;0;0;0;N;
AFV18;Escadaria Abaixo;20.04.2018;C3;N;N;0;0;0;0;N;
AFV18;Escadaria Abaixo;20.04.2018;C4;N;N;0;0;0;0;N;
AFV18;Escadaria Abaixo;20.04.2018;C5;N;N;0;0;0;0;N;
AFV18;Escadaria Abaixo;20.04.2018;C6;N;N;0;0;0;0;N;
AFV18;Escadaria Abaixo;20.04.2018;C7;N;N;0;0;0;0;N;
AFV18;Escadaria Abaixo;20.04.2018;C8;N;N;0;0;0;0;N;
AFV18;Escadaria Abaixo;20.04.2018;C9;N;N;0;0;0;0;N;
AFV18;Escadaria Abaixo;20.04.2018;C10;N;N;0;0;0;0;N;
AFV15;Cova da Onca;20.04.2018;C1;N;N;0;0;0;0;N;
AFV15;Cova da Onca;20.04.2018;C2;N;N;0;0;0;0;N;
AFV15;Cova da Onca;20.04.2018;C3;N;N;0;0;0;0;N;
AFV15;Cova da Onca;20.04.2018;C4;N;N;0;0;0;0;N;
AFV15;Cova da Onca;20.04.2018;C5;N;N;0;0;0;0;N;
AFV15;Cova da Onca;20.04.2018;C6;N;N;0;0;0;0;N;
AFV15;Cova da Onca;20.04.2018;C7;N;N;0;0;0;0;N;
AFV15;Cova da Onca;20.04.2018;C8;N;N;0;0;0;0;N;
AFV15;Cova da Onca;20.04.2018;C9;N;N;0;0;0;0;N;
AFV15;Cova da Onca;20.04.2018;C10;N;N;0;0;0;0;N;
AFV12;Anathema;20.04.2018;C6;N;N;0;0;0;0;N;
AFV12;Anathema;24.04.2018;C6;N;N;0;0;0;0;N;
AFV12;Anathema;30.05.2018;C6;D;S;30;17;0;0;N;
AFV12;Anathema;01.08.2018;C7;D;S;21;8.2;7;0;N;
AFV12;Anathema;02.05.2018;C7;D;S;15.5;0;0;0;S;PROCURAR
AFV12;Anathema;02.07.2018;C7;D;S;21;8.2;7;0;N;
AFV12;Anathema;09.05.2018;C7;D;S;24;8.2;0;0;S;
AFV12;Anathema;14.06.2018;C7;D;S;21;8.2;7;0;N;
AFV12;Anathema;16.05.2018;C7;D;S;21;8.2;7;0;S;
AFV12;Anathema;20.04.2018;C7;N;N;0;0;0;0;N;
AFV19;Cascatinha;20.04.2018;C1;N;N;0;0;0;0;N;
AFV19;Cascatinha;20.04.2018;C2;N;N;0;0;0;0;N;
AFV19;Cascatinha;20.04.2018;C3;N;N;0;0;0;0;N;
AFV19;Cascatinha;20.04.2018;C4;N;N;0;0;0;0;N;
AFV19;Cascatinha;20.04.2018;C5;N;N;0;0;0;0;N;
AFV19;Cascatinha;20.04.2018;C6;N;N;0;0;0;0;N;
AFV19;Cascatinha;20.04.2018;C7;N;N;0;0;0;0;N;
AFV19;Cascatinha;20.04.2018;C8;N;N;0;0;0;0;N;
AFV19;Cascatinha;20.04.2018;C9;N;N;0;0;0;0;N;
AFV19;Cascatinha;20.04.2018;C10;N;N;0;0;0;0;N;
AFV07;Lago das Fadas;24.04.2018;C1;N;N;0;0;0;0;N;
AFV07;Lago das Fadas;24.04.2018;C2;N;N;0;0;0;0;N;
AFV07;Lago das Fadas;24.04.2018;C3;N;N;0;0;0;0;N;
AFV07;Lago das Fadas;24.04.2018;C4;N;N;0;0;0;0;N;
AFV07;Lago das Fadas;24.04.2018;C5;N;N;0;0;0;0;N;
AFV07;Lago das Fadas;24.04.2018;C6;N;N;0;0;0;0;N;
AFV07;Lago das Fadas;24.04.2018;C7;N;N;0;0;0;0;N;
AFV07;Lago das Fadas;24.04.2018;C8;N;N;0;0;0;0;N;
AFV07;Lago das Fadas;24.04.2018;C9;N;N;0;0;0;0;N;
AFV07;Lago das Fadas;24.04.2018;C10;N;N;0;0;0;0;N;
AFV12;Anathema;24.04.2018;C7;D;S;15.5;0;0;0;S;
AFV12;Anathema;30.05.2018;C7;D;S;21;8.2;7;0;N;
AFV12;Anathema;02.05.2018;C8;N;N;0;0;0;0;N;
AFV12;Anathema;20.04.2018;C8;N;N;0;0;0;0;N;
AFV12;Anathema;24.04.2018;C8;N;N;0;0;0;0;N;
AFV12;Anathema;14.06.2018;C8;P;S;12;0;0;0;S;
AFV12;Anathema;16.05.2018;C8;P;N;12;0;0;0;N;
AFV12;Anathema;30.05.2018;C8;P;N;12;0;0;0;N;
AFV10a;Banheira;30.05.2018;C1;P;N;7;0;0;0;S;
AFV10a;Banheira;14.06.2018;C1;P;N;7;0;0;0;N;
AFV20;Grutas;24.04.2018;C1;N;N;0;0;0;0;N;
AFV20;Grutas;24.04.2018;C2;N;N;0;0;0;0;N;
AFV20;Grutas;24.04.2018;C3;N;N;0;0;0;0;N;
AFV20;Grutas;24.04.2018;C4;N;N;0;0;0;0;N;
AFV20;Grutas;24.04.2018;C5;N;N;0;0;0;0;N;
AFV20;Grutas;24.04.2018;C6;N;N;0;0;0;0;N;
AFV20;Grutas;24.04.2018;C7;N;N;0;0;0;0;N;
AFV20;Grutas;24.04.2018;C8;N;N;0;0;0;0;N;
AFV20;Grutas;24.04.2018;C9;N;N;0;0;0;0;N;
AFV20;Grutas;24.04.2018;C10;N;N;0;0;0;0;N;
AFV06;Muro;24.04.2018;C1;N;N;0;0;0;0;N;
AFV06;Muro;24.04.2018;C2;N;N;0;0;0;0;N;
AFV06;Muro;24.04.2018;C3;N;N;0;0;0;0;N;
AFV06;Muro;24.04.2018;C4;N;N;0;0;0;0;N;
AFV06;Muro;24.04.2018;C5;N;N;0;0;0;0;N;
AFV06;Muro;24.04.2018;C6;N;N;0;0;0;0;N;
AFV06;Muro;24.04.2018;C7;N;N;0;0;0;0;N;
AFV06;Muro;24.04.2018;C8;N;N;0;0;0;0;N;
AFV06;Muro;24.04.2018;C9;N;N;0;0;0;0;N;
AFV06;Muro;24.04.2018;C10;N;N;0;0;0;0;N;
AFV10a;Banheira;02.07.2018;C1;P;N;7;0;0;0;N;
AFV12;Anathema;01.08.2018;C9;S;N;0;0;0;0;N;
AFV12;Anathema;02.05.2018;C9;N;N;0;0;0;0;N;
AFV12;Anathema;02.07.2018;C9;S;N;0;0;0;0;N;
AFV12;Anathema;09.05.2018;C9;S;N;0;0;0;0;S;
AFV12;Anathema;14.06.2018;C9;S;N;0;0;0;0;N;
AFV12;Anathema;16.05.2018;C9;S;N;0;0;0;0;N;
AFV12;Anathema;20.04.2018;C9;N;N;0;0;0;0;N;
AFV12;Anathema;24.04.2018;C9;N;N;0;0;0;0;N;
AFV12;Anathema;30.05.2018;C9;S;N;0;0;0;0;N;
AFV10a;Banheira;24.04.2018;C1;N;N;0;0;0;0;N;
AFV10a;Banheira;24.04.2018;C2;N;N;0;0;0;0;N;
AFV10a;Banheira;24.04.2018;C3;N;N;0;0;0;0;N;
AFV10a;Banheira;24.04.2018;C4;N;N;0;0;0;0;N;
AFV10a;Banheira;24.04.2018;C5;N;N;0;0;0;0;N;
AFV10a;Banheira;24.04.2018;C6;N;N;0;0;0;0;N;
AFV10a;Banheira;24.04.2018;C7;N;N;0;0;0;0;N;
AFV10a;Banheira;24.04.2018;C8;N;N;0;0;0;0;N;
AFV10a;Banheira;24.04.2018;C9;N;N;0;0;0;0;N;
AFV10a;Banheira;24.04.2018;C10;N;N;0;0;0;0;N;
AFV05b;Banheiro;01.08.2018;C1;S;N;66.5;0;0;0;N;
AFV05b;Banheiro;02.05.2018;C1;S;N;66.5;0;0;0;N;
AFV05b;Banheiro;02.07.2018;C1;S;N;66.5;0;0;0;N;
AFV05b;Banheiro;09.05.2018;C1;S;N;66.5;0;0;0;N;
AFV05b;Banheiro;14.06.2018;C1;S;N;66.5;0;0;0;N;
AFV05b;Banheiro;16.05.2018;C1;S;N;66.5;0;0;0;N;
AFV05b;Banheiro;20.04.2018;C1;S;N;66.5;0;0;0;S;
AFV05b;Banheiro;24.04.2018;C1;S;N;66.5;0;0;0;N;
AFV05b;Banheiro;30.05.2018;C1;S;N;66.5;0;0;0;N;
AFV05b;Banheiro;01.08.2018;C10;N;N;0;0;0;0;N;
AFV05b;Banheiro;02.05.2018;C10;N;N;0;0;0;0;N;
AFV05b;Banheiro;02.07.2018;C10;N;N;0;0;0;0;N;
AFV05b;Banheiro;09.05.2018;C10;N;N;0;0;0;0;N;
AFV05b;Banheiro;14.06.2018;C10;N;N;0;0;0;0;N;
AFV05b;Banheiro;16.05.2018;C10;N;N;0;0;0;0;N;
AFV05b;Banheiro;20.04.2018;C10;N;N;0;0;0;0;N;
AFV05b;Banheiro;24.04.2018;C10;N;N;0;0;0;0;N;
AFV05b;Banheiro;30.05.2018;C10;N;N;0;0;0;0;N;
AFV05b;Banheiro;01.08.2018;C2;D;S;17;0;0;0;N;
AFV05b;Banheiro;02.05.2018;C2;N;N;0;0;0;0;N;
AFV13;Centro de Visitantes;24.04.2018;C1;D;S;14;0;0;0;S;
AFV10a;Banheira;01.08.2018;C1;P;N;7;0;0;0;N;
AFV13;Centro de Visitantes;24.04.2018;C3;D;S;19.5;0;0;0;S;
AFV13;Centro de Visitantes;24.04.2018;C4;D;N;13;0;0;0;S;
AFV13;Centro de Visitantes;24.04.2018;C5;D;S;14;0;0;0;S;
AFV13;Centro de Visitantes;24.04.2018;C6;N;N;0;0;0;0;N;
AFV13;Centro de Visitantes;24.04.2018;C7;N;N;0;0;0;0;N;
AFV13;Centro de Visitantes;24.04.2018;C8;D;S;28;0;0;0;S;
AFV13;Centro de Visitantes;24.04.2018;C9;D;S;41.3;0;0;0;N;
AFV13;Centro de Visitantes;24.04.2018;C10;D;S;9;0;0;0;S;
AFV10a;Banheira;09.05.2018;C2;P;N;4;0;0;0;S;
AFV08;Cercado;24.04.2018;C2;S;N;16;0;0;0;S;
AFV08;Cercado;24.04.2018;C3;N;N;0;0;0;0;N;
AFV08;Cercado;24.04.2018;C4;N;N;0;0;0;0;N;
AFV08;Cercado;24.04.2018;C5;N;N;0;0;0;0;N;
AFV10a;Banheira;16.05.2018;C2;P;N;5;0;0;0;N;
AFV10a;Banheira;30.05.2018;C2;P;N;5;0;0;0;N;
AFV10a;Banheira;14.06.2018;C2;P;N;5;0;0;0;N;
AFV10a;Banheira;02.07.2018;C2;P;N;5;0;0;0;N;
AFV10a;Banheira;01.08.2018;C2;P;N;5;0;0;0;N;
AFV03;Circuito Mylena;24.04.2018;C1;N;N;0;0;0;0;N;
AFV03;Circuito Mylena;24.04.2018;C2;N;N;0;0;0;0;N;
AFV03;Circuito Mylena;24.04.2018;C3;N;N;0;0;0;0;N;
AFV03;Circuito Mylena;24.04.2018;C4;N;N;0;0;0;0;N;
AFV03;Circuito Mylena;24.04.2018;C5;N;N;0;0;0;0;N;
AFV03;Circuito Mylena;24.04.2018;C6;N;N;0;0;0;0;N;
AFV03;Circuito Mylena;24.04.2018;C7;N;N;0;0;0;0;N;
AFV03;Circuito Mylena;24.04.2018;C8;N;N;0;0;0;0;N;
AFV03;Circuito Mylena;24.04.2018;C9;N;N;0;0;0;0;N;
AFV03;Circuito Mylena;24.04.2018;C10;N;N;0;0;0;0;N;
AFV05b;Banheiro;02.07.2018;C2;D;S;17;0;0;0;N;
AFV05b;Banheiro;09.05.2018;C2;N;N;0;0;0;0;N;
AFV05b;Banheiro;14.06.2018;C2;D;S;17;0;0;0;S;
AFV05b;Banheiro;16.05.2018;C2;N;N;0;0;0;0;N;
AFV05b;Banheiro;20.04.2018;C2;N;N;0;0;0;0;N;
AFV05b;Banheiro;24.04.2018;C2;N;N;0;0;0;0;N;
AFV05b;Banheiro;30.05.2018;C2;N;N;0;0;0;0;N;
AFV05b;Banheiro;01.08.2018;C3;S;N;39.2;0;0;0;N;
AFV05b;Banheiro;02.05.2018;C3;S;N;39.2;0;0;0;N;
AFV05b;Banheiro;02.07.2018;C3;S;N;39.2;0;0;0;N;
AFV09;Cercado Acima;24.04.2018;C1;N;N;0;0;0;0;N;
AFV09;Cercado Acima;24.04.2018;C2;N;N;0;0;0;0;N;
AFV09;Cercado Acima;24.04.2018;C3;N;N;0;0;0;0;N;
AFV09;Cercado Acima;24.04.2018;C4;N;N;0;0;0;0;N;
AFV09;Cercado Acima;24.04.2018;C5;N;N;0;0;0;0;N;
AFV09;Cercado Acima;24.04.2018;C6;N;N;0;0;0;0;N;
AFV09;Cercado Acima;24.04.2018;C7;N;N;0;0;0;0;N;
AFV09;Cercado Acima;24.04.2018;C8;N;N;0;0;0;0;N;
AFV09;Cercado Acima;24.04.2018;C9;N;N;0;0;0;0;N;
AFV09;Cercado Acima;24.04.2018;C10;N;N;0;0;0;0;N;
AFV16a;Saida;24.04.2018;C1;N;N;0;0;0;0;N;
AFV16a;Saida;24.04.2018;C2;N;N;0;0;0;0;N;
AFV16a;Saida;24.04.2018;C3;N;N;0;0;0;0;N;
AFV16a;Saida;24.04.2018;C4;N;N;0;0;0;0;N;
AFV16a;Saida;24.04.2018;C5;N;N;0;0;0;0;N;
AFV16a;Saida;24.04.2018;C6;N;N;0;0;0;0;N;
AFV16a;Saida;24.04.2018;C7;N;N;0;0;0;0;N;
AFV16a;Saida;24.04.2018;C8;N;N;0;0;0;0;N;
AFV16a;Saida;24.04.2018;C9;N;N;0;0;0;0;N;
AFV16a;Saida;24.04.2018;C10;N;N;0;0;0;0;N;
AFV05b;Banheiro;09.05.2018;C3;S;N;39.2;0;0;0;N;
AFV05b;Banheiro;14.06.2018;C3;S;N;39.2;0;0;0;N;
AFV05b;Banheiro;16.05.2018;C3;S;N;39.2;0;0;0;N;
AFV05b;Banheiro;20.04.2018;C3;N;N;0;0;0;0;N;
AFV05b;Banheiro;24.04.2018;C3;S;N;39.2;0;0;0;S;
AFV05b;Banheiro;30.05.2018;C3;S;N;39.2;0;0;0;N;
AFV05b;Banheiro;01.08.2018;C4;N;N;0;0;0;0;N;
AFV05b;Banheiro;02.05.2018;C4;N;N;0;0;0;0;N;
AFV05b;Banheiro;02.07.2018;C4;N;N;0;0;0;0;N;
AFV05b;Banheiro;09.05.2018;C4;N;N;0;0;0;0;N;
AFV18;Escadaria Abaixo;24.04.2018;C1;N;N;0;0;0;0;N;
AFV18;Escadaria Abaixo;24.04.2018;C2;N;N;0;0;0;0;N;
AFV18;Escadaria Abaixo;24.04.2018;C3;N;N;0;0;0;0;N;
AFV18;Escadaria Abaixo;24.04.2018;C4;N;N;0;0;0;0;N;
AFV18;Escadaria Abaixo;24.04.2018;C5;N;N;0;0;0;0;N;
AFV18;Escadaria Abaixo;24.04.2018;C6;N;N;0;0;0;0;N;
AFV18;Escadaria Abaixo;24.04.2018;C7;N;N;0;0;0;0;N;
AFV18;Escadaria Abaixo;24.04.2018;C8;N;N;0;0;0;0;N;
AFV18;Escadaria Abaixo;24.04.2018;C9;N;N;0;0;0;0;N;
AFV18;Escadaria Abaixo;24.04.2018;C10;N;N;0;0;0;0;N;
AFV15;Cova da Onca;24.04.2018;C1;N;N;0;0;0;0;N;
AFV15;Cova da Onca;24.04.2018;C2;N;N;0;0;0;0;N;
AFV15;Cova da Onca;24.04.2018;C3;N;N;0;0;0;0;N;
AFV15;Cova da Onca;24.04.2018;C4;N;N;0;0;0;0;N;
AFV15;Cova da Onca;24.04.2018;C5;N;N;0;0;0;0;N;
AFV15;Cova da Onca;24.04.2018;C6;N;N;0;0;0;0;N;
AFV15;Cova da Onca;24.04.2018;C7;N;N;0;0;0;0;N;
AFV15;Cova da Onca;24.04.2018;C8;N;N;0;0;0;0;N;
AFV15;Cova da Onca;24.04.2018;C9;N;N;0;0;0;0;N;
AFV15;Cova da Onca;24.04.2018;C10;N;N;0;0;0;0;N;
AFV05b;Banheiro;14.06.2018;C4;N;N;0;0;0;0;N;
AFV05b;Banheiro;16.05.2018;C4;N;N;0;0;0;0;N;
AFV05b;Banheiro;20.04.2018;C4;N;N;0;0;0;0;N;
AFV05b;Banheiro;24.04.2018;C4;N;N;0;0;0;0;N;
AFV05b;Banheiro;30.05.2018;C4;N;N;0;0;0;0;N;
AFV05b;Banheiro;01.08.2018;C5;N;N;0;0;0;0;N;
AFV05b;Banheiro;02.05.2018;C5;N;N;0;0;0;0;N;
AFV05b;Banheiro;02.07.2018;C5;N;N;0;0;0;0;N;
AFV05b;Banheiro;09.05.2018;C5;N;N;0;0;0;0;N;
AFV05b;Banheiro;14.06.2018;C5;N;N;0;0;0;0;N;
AFV19;Cascatinha;24.04.2018;C1;N;N;0;0;0;0;N;
AFV19;Cascatinha;24.04.2018;C2;N;N;0;0;0;0;N;
AFV19;Cascatinha;24.04.2018;C3;N;N;0;0;0;0;N;
AFV19;Cascatinha;24.04.2018;C4;N;N;0;0;0;0;N;
AFV19;Cascatinha;24.04.2018;C5;N;N;0;0;0;0;N;
AFV19;Cascatinha;24.04.2018;C6;N;N;0;0;0;0;N;
AFV19;Cascatinha;24.04.2018;C7;N;N;0;0;0;0;N;
AFV19;Cascatinha;24.04.2018;C8;N;N;0;0;0;0;N;
AFV19;Cascatinha;24.04.2018;C9;N;N;0;0;0;0;N;
AFV19;Cascatinha;24.04.2018;C10;N;N;0;0;0;0;N;
AFV07;Lago das Fadas;02.05.2018;C1;N;N;0;0;0;0;N;
AFV07;Lago das Fadas;02.05.2018;C2;N;N;0;0;0;0;N;
AFV07;Lago das Fadas;02.05.2018;C3;N;N;0;0;0;0;N;
AFV07;Lago das Fadas;02.05.2018;C4;N;N;0;0;0;0;N;
AFV07;Lago das Fadas;02.05.2018;C5;N;N;0;0;0;0;N;
AFV07;Lago das Fadas;02.05.2018;C6;N;N;0;0;0;0;N;
AFV07;Lago das Fadas;02.05.2018;C7;N;N;0;0;0;0;N;
AFV07;Lago das Fadas;02.05.2018;C8;N;N;0;0;0;0;N;
AFV07;Lago das Fadas;02.05.2018;C9;N;N;0;0;0;0;N;
AFV07;Lago das Fadas;02.05.2018;C10;N;N;0;0;0;0;N;
AFV05b;Banheiro;16.05.2018;C5;N;N;0;0;0;0;N;
AFV05b;Banheiro;20.04.2018;C5;N;N;0;0;0;0;N;
AFV05b;Banheiro;24.04.2018;C5;N;N;0;0;0;0;N;
AFV05b;Banheiro;30.05.2018;C5;N;N;0;0;0;0;N;
AFV05b;Banheiro;01.08.2018;C6;N;N;0;0;0;0;N;
AFV05b;Banheiro;02.05.2018;C6;N;N;0;0;0;0;N;
AFV05b;Banheiro;02.07.2018;C6;N;N;0;0;0;0;N;
AFV05b;Banheiro;09.05.2018;C6;N;N;0;0;0;0;N;
AFV05b;Banheiro;14.06.2018;C6;N;N;0;0;0;0;N;
AFV05b;Banheiro;16.05.2018;C6;N;N;0;0;0;0;N;
AFV20;Grutas;02.05.2018;C1;N;N;0;0;0;0;N;
AFV20;Grutas;02.05.2018;C2;N;N;0;0;0;0;N;
AFV20;Grutas;02.05.2018;C3;N;N;0;0;0;0;N;
AFV20;Grutas;02.05.2018;C4;N;N;0;0;0;0;N;
AFV20;Grutas;02.05.2018;C5;N;N;0;0;0;0;N;
AFV20;Grutas;02.05.2018;C6;N;N;0;0;0;0;N;
AFV20;Grutas;02.05.2018;C7;N;N;0;0;0;0;N;
AFV20;Grutas;02.05.2018;C8;N;N;0;0;0;0;N;
AFV20;Grutas;02.05.2018;C9;N;N;0;0;0;0;N;
AFV20;Grutas;02.05.2018;C10;N;N;0;0;0;0;N;
AFV06;Muro;02.05.2018;C1;N;N;0;0;0;0;N;
AFV06;Muro;02.05.2018;C2;N;N;0;0;0;0;N;
AFV06;Muro;02.05.2018;C3;N;N;0;0;0;0;N;
AFV06;Muro;02.05.2018;C4;N;N;0;0;0;0;N;
AFV06;Muro;02.05.2018;C5;N;N;0;0;0;0;N;
AFV06;Muro;02.05.2018;C6;N;N;0;0;0;0;N;
AFV06;Muro;02.05.2018;C7;N;N;0;0;0;0;N;
AFV06;Muro;02.05.2018;C8;N;N;0;0;0;0;N;
AFV06;Muro;02.05.2018;C9;N;N;0;0;0;0;N;
AFV06;Muro;02.05.2018;C10;N;N;0;0;0;0;N;
AFV05b;Banheiro;20.04.2018;C6;N;N;0;0;0;0;N;
AFV05b;Banheiro;24.04.2018;C6;N;N;0;0;0;0;N;
AFV05b;Banheiro;30.05.2018;C6;N;N;0;0;0;0;N;
AFV05b;Banheiro;01.08.2018;C7;D;S;14;0;0;0;N;
AFV05b;Banheiro;02.05.2018;C7;N;N;0;0;0;0;N;
AFV05b;Banheiro;02.07.2018;C7;D;S;14;0;0;0;N;
AFV05b;Banheiro;09.05.2018;C7;N;N;0;0;0;0;N;
AFV05b;Banheiro;14.06.2018;C7;D;S;14;0;0;0;S;
AFV05b;Banheiro;16.05.2018;C7;N;N;0;0;0;0;N;
AFV05b;Banheiro;20.04.2018;C7;N;N;0;0;0;0;N;
AFV10a;Banheira;02.05.2018;C1;N;N;0;0;0;0;N;
AFV10a;Banheira;02.05.2018;C2;D;S;7;0;0;0;S;
AFV10a;Banheira;02.05.2018;C3;N;N;0;0;0;0;N;
AFV10a;Banheira;02.05.2018;C4;N;N;0;0;0;0;N;
AFV10a;Banheira;02.05.2018;C5;D;N;8.3;0;0;0;S;
AFV10a;Banheira;02.05.2018;C6;N;N;0;0;0;0;N;
AFV10a;Banheira;02.05.2018;C7;N;N;0;0;0;0;N;
AFV10a;Banheira;02.05.2018;C8;N;N;0;0;0;0;N;
AFV10a;Banheira;02.05.2018;C9;N;N;0;0;0;0;N;
AFV10a;Banheira;02.05.2018;C10;N;N;0;0;0;0;N;
AFV05b;Banheiro;24.04.2018;C7;N;N;0;0;0;0;N;
AFV05b;Banheiro;30.05.2018;C7;N;N;0;0;0;0;N;
AFV05b;Banheiro;01.08.2018;C8;S;N;0;0;0;0;N;
AFV05b;Banheiro;02.05.2018;C8;N;N;0;0;0;0;N;
AFV05b;Banheiro;02.07.2018;C8;S;N;0;0;0;0;N;
AFV05b;Banheiro;09.05.2018;C8;N;N;0;0;0;0;N;
AFV05b;Banheiro;14.06.2018;C8;S;N;0;0;0;0;S;
AFV05b;Banheiro;16.05.2018;C8;N;N;0;0;0;0;N;
AFV05b;Banheiro;20.04.2018;C8;N;N;0;0;0;0;N;
AFV05b;Banheiro;24.04.2018;C8;N;N;0;0;0;0;N;
AFV05b;Banheiro;30.05.2018;C8;N;N;0;0;0;0;N;
AFV05b;Banheiro;01.08.2018;C9;S;N;0;0;0;0;N;
AFV05b;Banheiro;02.05.2018;C9;N;N;0;0;0;0;N;
AFV05b;Banheiro;02.07.2018;C9;S;N;0;0;0;0;N;
AFV05b;Banheiro;09.05.2018;C9;N;N;0;0;0;0;N;
AFV05b;Banheiro;14.06.2018;C9;S;N;0;0;0;0;S;
AFV05b;Banheiro;16.05.2018;C9;N;N;0;0;0;0;N;
AFV05b;Banheiro;20.04.2018;C9;N;N;0;0;0;0;N;
AFV05b;Banheiro;24.04.2018;C9;N;N;0;0;0;0;N;
AFV05b;Banheiro;30.05.2018;C9;N;N;0;0;0;0;N;
AFV13;Centro de Visitantes;02.05.2018;C1;D;N;14;0;0;0;N;
AFV10a;Banheira;30.05.2018;C3;P;N;12;0;0;0;S;
AFV10a;Banheira;14.06.2018;C3;P;N;12;0;0;0;N;
AFV13;Centro de Visitantes;02.05.2018;C4;D;N;13;0;0;0;N;
AFV10a;Banheira;02.07.2018;C3;P;N;12;0;0;0;N;
AFV13;Centro de Visitantes;02.05.2018;C6;D;S;42;0;0;0;S;
AFV13;Centro de Visitantes;02.05.2018;C7;D;S;34;0;0;0;S;
AFV13;Centro de Visitantes;02.05.2018;C8;D;S;28;0;0;0;N;
AFV13;Centro de Visitantes;02.05.2018;C9;D;S;41.3;0;0;0;N;
AFV13;Centro de Visitantes;02.05.2018;C10;D;S;9;0;0;0;N;
AFV10a;Banheira;01.08.2018;C3;P;N;12;0;0;0;N;
AFV08;Cercado;02.05.2018;C2;S;N;16;0;0;0;N;
AFV10a;Banheira;30.05.2018;C4;P;N;8;0;0;0;S;
AFV08;Cercado;02.05.2018;C4;D;N;15;0;0;0;S;
AFV08;Cercado;02.05.2018;C5;D;S;43.9;0;0;0;S;
AFV10a;Banheira;14.06.2018;C4;P;N;8;0;0;0;N;
AFV10a;Banheira;02.07.2018;C4;P;N;8;0;0;0;N;
AFV10a;Banheira;01.08.2018;C4;P;N;8;0;0;0;N;
AFV10a;Banheira;09.05.2018;C5;P;N;4;0;0;0;S;
AFV10a;Banheira;16.05.2018;C5;P;N;4;0;0;0;N;
AFV03;Circuito Mylena;02.05.2018;C1;N;N;0;0;0;0;N;
AFV03;Circuito Mylena;02.05.2018;C2;N;N;0;0;0;0;N;
AFV03;Circuito Mylena;02.05.2018;C3;N;N;0;0;0;0;N;
AFV03;Circuito Mylena;02.05.2018;C4;N;N;0;0;0;0;N;
AFV03;Circuito Mylena;02.05.2018;C5;N;N;0;0;0;0;N;
AFV03;Circuito Mylena;02.05.2018;C6;N;N;0;0;0;0;N;
AFV03;Circuito Mylena;02.05.2018;C7;N;N;0;0;0;0;N;
AFV03;Circuito Mylena;02.05.2018;C8;D;S;13;0;0;0;S;
AFV03;Circuito Mylena;02.05.2018;C9;N;N;0;0;0;0;N;
AFV03;Circuito Mylena;02.05.2018;C10;N;N;0;0;0;0;N;
AFV14;Capela;01.08.2018;C1;S;N;0;0;0;0;S;
AFV14;Capela;02.05.2018;C1;N;N;0;0;0;0;N;
AFV14;Capela;02.07.2018;C1;N;N;0;0;0;0;N;
AFV14;Capela;09.05.2018;C1;N;N;0;0;0;0;N;
AFV14;Capela;14.06.2018;C1;N;N;0;0;0;0;N;
AFV14;Capela;16.05.2018;C1;N;N;0;0;0;0;N;
AFV14;Capela;20.04.2018;C1;N;N;0;0;0;0;N;
AFV14;Capela;24.04.2018;C1;N;N;0;0;0;0;N;
AFV14;Capela;30.05.2018;C1;N;N;0;0;0;0;N;
AFV14;Capela;01.08.2018;C10;S;N;0;0;0;0;N;
AFV09;Cercado Acima;02.05.2018;C1;N;N;0;0;0;0;N;
AFV09;Cercado Acima;02.05.2018;C2;D;S;13;0;0;0;S;
AFV09;Cercado Acima;02.05.2018;C3;D;S;19;0;0;0;S;
AFV09;Cercado Acima;02.05.2018;C4;D;S;19;0;0;0;S;
AFV09;Cercado Acima;02.05.2018;C5;D;S;26;0;0;0;S;
AFV09;Cercado Acima;02.05.2018;C6;N;N;0;0;0;0;N;
AFV09;Cercado Acima;02.05.2018;C7;D;S;8;0;0;0;S;
AFV09;Cercado Acima;02.05.2018;C8;N;N;0;0;0;0;N;
AFV09;Cercado Acima;02.05.2018;C9;N;N;0;0;0;0;N;
AFV09;Cercado Acima;02.05.2018;C10;N;N;0;0;0;0;N;
AFV16a;Saida;02.05.2018;C1;S;N;0;0;0;0;S;
AFV16a;Saida;02.05.2018;C2;D;S;16;0;0;0;S;
AFV16a;Saida;02.05.2018;C3;D;N;11;0;0;0;S;
AFV16a;Saida;02.05.2018;C4;D;N;9;0;0;0;S;
AFV16a;Saida;02.05.2018;C5;N;N;0;0;0;0;N;
AFV16a;Saida;02.05.2018;C6;S;N;0;0;0;0;S;
AFV16a;Saida;02.05.2018;C7;N;N;0;0;0;0;N;
AFV16a;Saida;02.05.2018;C8;N;N;0;0;0;0;N;
AFV16a;Saida;02.05.2018;C9;N;N;0;0;0;0;N;
AFV16a;Saida;02.05.2018;C10;D;S;79;0;0;0;S;
AFV14;Capela;02.05.2018;C10;N;N;0;0;0;0;N;
AFV14;Capela;02.07.2018;C10;S;N;0;0;0;0;S;
AFV14;Capela;09.05.2018;C10;N;N;0;0;0;0;N;
AFV14;Capela;14.06.2018;C10;N;N;0;0;0;0;N;
AFV14;Capela;16.05.2018;C10;N;N;0;0;0;0;N;
AFV14;Capela;20.04.2018;C10;N;N;0;0;0;0;N;
AFV14;Capela;24.04.2018;C10;N;N;0;0;0;0;N;
AFV14;Capela;30.05.2018;C10;N;N;0;0;0;0;N;
AFV14;Capela;01.08.2018;C2;D;S;26.6;0;0;0;N;
AFV14;Capela;02.05.2018;C2;D;S;26.6;0;0;0;N;
AFV18;Escadaria Abaixo;02.05.2018;C1;N;N;0;0;0;0;N;
AFV18;Escadaria Abaixo;02.05.2018;C2;N;N;0;0;0;0;N;
AFV18;Escadaria Abaixo;02.05.2018;C3;N;N;0;0;0;0;N;
AFV18;Escadaria Abaixo;02.05.2018;C4;N;N;0;0;0;0;N;
AFV18;Escadaria Abaixo;02.05.2018;C5;N;N;0;0;0;0;N;
AFV18;Escadaria Abaixo;02.05.2018;C6;N;N;0;0;0;0;N;
AFV18;Escadaria Abaixo;02.05.2018;C7;N;N;0;0;0;0;N;
AFV18;Escadaria Abaixo;02.05.2018;C8;N;N;0;0;0;0;N;
AFV18;Escadaria Abaixo;02.05.2018;C9;N;N;0;0;0;0;N;
AFV18;Escadaria Abaixo;02.05.2018;C10;N;N;0;0;0;0;N;
AFV15;Cova da Onca;02.05.2018;C1;N;N;0;0;0;0;N;
AFV15;Cova da Onca;02.05.2018;C2;N;N;0;0;0;0;N;
AFV15;Cova da Onca;02.05.2018;C3;N;N;0;0;0;0;N;
AFV15;Cova da Onca;02.05.2018;C4;N;N;0;0;0;0;N;
AFV15;Cova da Onca;02.05.2018;C5;N;N;0;0;0;0;N;
AFV15;Cova da Onca;02.05.2018;C6;N;N;0;0;0;0;N;
AFV15;Cova da Onca;02.05.2018;C7;N;N;0;0;0;0;N;
AFV15;Cova da Onca;02.05.2018;C8;N;N;0;0;0;0;N;
AFV15;Cova da Onca;02.05.2018;C9;N;N;0;0;0;0;N;
AFV15;Cova da Onca;02.05.2018;C10;N;N;0;0;0;0;N;
AFV14;Capela;02.07.2018;C2;D;S;26.6;0;0;0;N;
AFV14;Capela;09.05.2018;C2;D;S;26.6;0;0;0;N;
AFV14;Capela;14.06.2018;C2;D;S;26.6;0;0;0;N;
AFV14;Capela;16.05.2018;C2;D;S;26.6;0;0;0;N;
AFV14;Capela;20.04.2018;C2;N;N;0;0;0;0;N;
AFV14;Capela;24.04.2018;C2;D;S;26.6;0;0;0;S;
AFV14;Capela;30.05.2018;C2;D;S;26.6;0;0;0;N;
AFV14;Capela;01.08.2018;C3;S;N;0;0;0;0;N;
AFV14;Capela;02.05.2018;C3;N;N;0;0;0;0;N;
AFV14;Capela;02.07.2018;C3;S;N;0;0;0;0;S;
AFV19;Cascatinha;02.05.2018;C1;N;N;0;0;0;0;N;
AFV19;Cascatinha;02.05.2018;C2;N;N;0;0;0;0;N;
AFV19;Cascatinha;02.05.2018;C3;N;N;0;0;0;0;N;
AFV19;Cascatinha;02.05.2018;C4;N;N;0;0;0;0;N;
AFV19;Cascatinha;02.05.2018;C5;N;N;0;0;0;0;N;
AFV19;Cascatinha;02.05.2018;C6;N;N;0;0;0;0;N;
AFV19;Cascatinha;02.05.2018;C7;N;N;0;0;0;0;N;
AFV19;Cascatinha;02.05.2018;C8;N;N;0;0;0;0;N;
AFV19;Cascatinha;02.05.2018;C9;N;N;0;0;0;0;N;
AFV19;Cascatinha;02.05.2018;C10;N;N;0;0;0;0;N;
AFV07;Lago das Fadas;09.05.2018;C1;N;N;0;0;0;0;N;
AFV07;Lago das Fadas;09.05.2018;C2;N;N;0;0;0;0;N;
AFV07;Lago das Fadas;09.05.2018;C3;N;N;0;0;0;0;N;
AFV07;Lago das Fadas;09.05.2018;C4;N;N;0;0;0;0;N;
AFV07;Lago das Fadas;09.05.2018;C5;N;N;0;0;0;0;N;
AFV07;Lago das Fadas;09.05.2018;C6;N;N;0;0;0;0;N;
AFV07;Lago das Fadas;09.05.2018;C7;N;N;0;0;0;0;N;
AFV07;Lago das Fadas;09.05.2018;C8;N;N;0;0;0;0;N;
AFV07;Lago das Fadas;09.05.2018;C9;N;N;0;0;0;0;N;
AFV07;Lago das Fadas;09.05.2018;C10;N;N;0;0;0;0;N;
AFV14;Capela;09.05.2018;C3;N;N;0;0;0;0;N;
AFV14;Capela;14.06.2018;C3;N;N;0;0;0;0;N;
AFV14;Capela;16.05.2018;C3;N;N;0;0;0;0;N;
AFV14;Capela;20.04.2018;C3;N;N;0;0;0;0;N;
AFV14;Capela;24.04.2018;C3;N;N;0;0;0;0;N;
AFV14;Capela;30.05.2018;C3;N;N;0;0;0;0;N;
AFV14;Capela;01.08.2018;C4;D;S;12.2;0;0;0;N;
AFV14;Capela;02.05.2018;C4;D;S;12.2;0;0;0;N;
AFV14;Capela;02.07.2018;C4;D;S;12.2;0;0;0;N;
AFV14;Capela;09.05.2018;C4;D;S;12.2;0;0;0;N;
AFV20;Grutas;09.05.2018;C1;N;N;0;0;0;0;N;
AFV20;Grutas;09.05.2018;C2;N;N;0;0;0;0;N;
AFV20;Grutas;09.05.2018;C3;N;N;0;0;0;0;N;
AFV20;Grutas;09.05.2018;C4;N;N;0;0;0;0;N;
AFV20;Grutas;09.05.2018;C5;N;N;0;0;0;0;N;
AFV20;Grutas;09.05.2018;C6;N;N;0;0;0;0;N;
AFV20;Grutas;09.05.2018;C7;N;N;0;0;0;0;N;
AFV20;Grutas;09.05.2018;C8;N;N;0;0;0;0;N;
AFV20;Grutas;09.05.2018;C9;N;N;0;0;0;0;N;
AFV20;Grutas;09.05.2018;C10;N;N;0;0;0;0;N;
AFV06;Muro;09.05.2018;C1;N;N;0;0;0;0;N;
AFV06;Muro;09.05.2018;C2;N;N;0;0;0;0;N;
AFV06;Muro;09.05.2018;C3;N;N;0;0;0;0;N;
AFV06;Muro;09.05.2018;C4;N;N;0;0;0;0;N;
AFV06;Muro;09.05.2018;C5;N;N;0;0;0;0;N;
AFV06;Muro;09.05.2018;C6;N;N;0;0;0;0;N;
AFV06;Muro;09.05.2018;C7;N;N;0;0;0;0;N;
AFV06;Muro;09.05.2018;C8;N;N;0;0;0;0;N;
AFV06;Muro;09.05.2018;C9;N;N;0;0;0;0;N;
AFV06;Muro;09.05.2018;C10;N;N;0;0;0;0;N;
AFV14;Capela;14.06.2018;C4;D;S;12.2;0;0;0;N;
AFV14;Capela;16.05.2018;C4;D;S;12.2;0;0;0;N;
AFV14;Capela;20.04.2018;C4;N;N;0;0;0;0;N;
AFV14;Capela;24.04.2018;C4;D;S;12.2;0;0;0;S;
AFV14;Capela;30.05.2018;C4;D;S;12.2;0;0;0;N;
AFV14;Capela;01.08.2018;C5;S;N;21;0;0;0;N;
AFV14;Capela;02.05.2018;C5;S;N;21;0;0;0;N;
AFV14;Capela;02.07.2018;C5;S;N;21;0;0;0;N;
AFV14;Capela;09.05.2018;C5;S;N;21;0;0;0;N;
AFV14;Capela;14.06.2018;C5;S;N;21;0;0;0;N;
AFV10a;Banheira;09.05.2018;C1;N;N;0;0;0;0;N;
AFV10a;Banheira;30.05.2018;C5;P;N;4;0;0;0;N;
AFV10a;Banheira;09.05.2018;C3;N;N;0;0;0;0;N;
AFV10a;Banheira;09.05.2018;C4;N;N;0;0;0;0;N;
AFV10a;Banheira;14.06.2018;C5;P;N;4;0;0;0;N;
AFV10a;Banheira;09.05.2018;C6;N;N;0;0;0;0;N;
AFV10a;Banheira;09.05.2018;C7;N;N;0;0;0;0;N;
AFV10a;Banheira;09.05.2018;C8;N;N;0;0;0;0;N;
AFV10a;Banheira;09.05.2018;C9;N;N;0;0;0;0;N;
AFV10a;Banheira;09.05.2018;C10;N;N;0;0;0;0;N;
AFV14;Capela;16.05.2018;C5;S;N;21;0;0;0;N;
AFV14;Capela;20.04.2018;C5;N;N;0;0;0;0;N;
AFV14;Capela;24.04.2018;C5;S;N;21;0;0;0;S;
AFV14;Capela;30.05.2018;C5;S;N;21;0;0;0;N;
AFV14;Capela;01.08.2018;C6;D;S;22.7;0;0;0;S;
AFV14;Capela;02.05.2018;C6;N;N;0;0;0;0;N;
AFV14;Capela;02.07.2018;C6;N;N;0;0;0;0;N;
AFV14;Capela;09.05.2018;C6;N;N;0;0;0;0;N;
AFV14;Capela;14.06.2018;C6;N;N;0;0;0;0;N;
AFV14;Capela;16.05.2018;C6;N;N;0;0;0;0;N;
AFV14;Capela;20.04.2018;C6;N;N;0;0;0;0;N;
AFV14;Capela;24.04.2018;C6;N;N;0;0;0;0;N;
AFV14;Capela;30.05.2018;C6;N;N;0;0;0;0;N;
AFV14;Capela;01.08.2018;C7;N;N;0;0;0;0;N;
AFV14;Capela;02.05.2018;C7;N;N;0;0;0;0;N;
AFV14;Capela;02.07.2018;C7;N;N;0;0;0;0;N;
AFV14;Capela;09.05.2018;C7;N;N;0;0;0;0;N;
AFV14;Capela;14.06.2018;C7;N;N;0;0;0;0;N;
AFV14;Capela;16.05.2018;C7;N;N;0;0;0;0;N;
AFV14;Capela;20.04.2018;C7;N;N;0;0;0;0;N;
AFV13;Centro de Visitantes;09.05.2018;C1;D;N;14;0;0;0;N;
AFV10a;Banheira;02.07.2018;C5;P;N;4;0;0;0;N;
AFV10a;Banheira;01.08.2018;C5;P;N;4;0;0;0;N;
AFV13;Centro de Visitantes;09.05.2018;C4;D;N;13;0;0;0;N;
AFV10a;Banheira;30.05.2018;C6;P;S;3;0;0;0;S;
AFV13;Centro de Visitantes;09.05.2018;C6;D;S;42;0;0;0;N;
AFV13;Centro de Visitantes;09.05.2018;C7;D;S;34;0;0;0;N;
AFV10a;Banheira;14.06.2018;C6;P;S;3;0;0;0;N;
AFV13;Centro de Visitantes;09.05.2018;C9;D;S;41.3;0;0;0;N;
AFV10a;Banheira;02.07.2018;C6;P;S;3;0;0;0;N;
AFV10a;Banheira;01.08.2018;C6;P;S;3;0;0;0;N;
AFV08;Cercado;09.05.2018;C2;S;N;16;0;0;0;N;
AFV17a;Casas;16.05.2018;C1;P;N;11.6;0;0;0;N;
AFV17a;Casas;30.05.2018;C1;P;N;11.6;0;0;0;N;
AFV08;Cercado;09.05.2018;C5;D;S;43.9;0;0;0;N;
AFV17a;Casas;14.06.2018;C1;P;N;11.6;0;0;0;N;
AFV17a;Casas;01.08.2018;C1;P;N;11.6;0;0;0;N;
AFV17a;Casas;02.05.2018;C1;P;N;11.6;0;0;0;N;
AFV17a;Casas;02.07.2018;C1;P;N;11.6;0;0;0;N;
AFV17a;Casas;09.05.2018;C1;P;N;11.6;0;0;0;N;
AFV03;Circuito Mylena;09.05.2018;C1;N;N;0;0;0;0;N;
AFV03;Circuito Mylena;09.05.2018;C2;N;N;0;0;0;0;N;
AFV03;Circuito Mylena;09.05.2018;C3;N;N;0;0;0;0;N;
AFV03;Circuito Mylena;09.05.2018;C4;N;N;0;0;0;0;N;
AFV03;Circuito Mylena;09.05.2018;C5;N;N;0;0;0;0;N;
AFV03;Circuito Mylena;09.05.2018;C6;N;N;0;0;0;0;N;
AFV03;Circuito Mylena;09.05.2018;C7;N;N;0;0;0;0;N;
AFV03;Circuito Mylena;09.05.2018;C8;D;S;13;0;0;0;N;
AFV03;Circuito Mylena;09.05.2018;C9;N;N;0;0;0;0;N;
AFV03;Circuito Mylena;09.05.2018;C10;N;N;0;0;0;0;N;
AFV14;Capela;24.04.2018;C7;N;N;0;0;0;0;N;
AFV14;Capela;30.05.2018;C7;N;N;0;0;0;0;N;
AFV14;Capela;01.08.2018;C8;S;N;0;0;0;0;N;
AFV14;Capela;02.05.2018;C8;D;S;16;0;0;0;S;
AFV14;Capela;02.07.2018;C8;S;N;0;0;0;0;N;
AFV14;Capela;09.05.2018;C8;D;S;16;0;0;0;N;
AFV14;Capela;14.06.2018;C8;S;N;0;0;0;0;N;
AFV14;Capela;16.05.2018;C8;S;N;0;0;0;0;S;
AFV14;Capela;20.04.2018;C8;N;N;0;0;0;0;N;
AFV14;Capela;24.04.2018;C8;N;N;0;0;0;0;N;
AFV09;Cercado Acima;09.05.2018;C1;N;N;0;0;0;0;N;
AFV09;Cercado Acima;09.05.2018;C2;D;S;13;0;0;0;N;
AFV09;Cercado Acima;09.05.2018;C3;D;S;19;0;0;0;N;
AFV09;Cercado Acima;09.05.2018;C4;D;S;19;0;0;0;N;
AFV09;Cercado Acima;09.05.2018;C5;D;S;26;0;0;0;N;
AFV09;Cercado Acima;09.05.2018;C6;N;N;0;0;0;0;N;
AFV09;Cercado Acima;09.05.2018;C7;D;S;8;0;0;0;N;
AFV09;Cercado Acima;09.05.2018;C8;N;N;0;0;0;0;N;
AFV09;Cercado Acima;09.05.2018;C9;N;N;0;0;0;0;N;
AFV09;Cercado Acima;09.05.2018;C10;N;N;0;0;0;0;N;
AFV16a;Saida;09.05.2018;C1;S;N;0;0;0;0;N;
AFV16a;Saida;09.05.2018;C2;D;S;16;0;0;0;N;
AFV16a;Saida;09.05.2018;C3;S;N;0;0;0;0;S;
AFV16a;Saida;09.05.2018;C4;S;N;0;0;0;0;S;
AFV16a;Saida;09.05.2018;C5;S;N;0;0;0;0;N;
AFV16a;Saida;09.05.2018;C6;S;N;0;0;0;0;N;
AFV16a;Saida;09.05.2018;C7;S;N;0;0;0;0;S;
AFV17a;Casas;20.04.2018;C1;P;N;11.6;0;0;0;S;
AFV16a;Saida;09.05.2018;C9;S;N;0;0;0;0;N;
AFV16a;Saida;09.05.2018;C10;S;N;79;0;0;0;N;
AFV14;Capela;30.05.2018;C8;S;N;0;0;0;0;N;
AFV14;Capela;01.08.2018;C9;S;N;14;0;0;0;N;
AFV14;Capela;02.05.2018;C9;S;N;14;0;0;0;N;
AFV14;Capela;02.07.2018;C9;S;N;14;0;0;0;N;
AFV14;Capela;09.05.2018;C9;S;N;14;0;0;0;N;
AFV14;Capela;14.06.2018;C9;S;N;14;0;0;0;N;
AFV14;Capela;16.05.2018;C9;S;N;14;0;0;0;N;
AFV14;Capela;20.04.2018;C9;N;N;0;0;0;0;N;
AFV14;Capela;24.04.2018;C9;S;N;14;0;0;0;S;Acabou a linha
AFV14;Capela;30.05.2018;C9;S;N;14;0;0;0;N;
AFV18;Escadaria Abaixo;09.05.2018;C1;N;N;0;0;0;0;N;
AFV18;Escadaria Abaixo;09.05.2018;C2;N;N;0;0;0;0;N;
AFV18;Escadaria Abaixo;09.05.2018;C3;N;N;0;0;0;0;N;
AFV18;Escadaria Abaixo;09.05.2018;C4;N;N;0;0;0;0;N;
AFV18;Escadaria Abaixo;09.05.2018;C5;N;N;0;0;0;0;N;
AFV18;Escadaria Abaixo;09.05.2018;C6;N;N;0;0;0;0;N;
AFV18;Escadaria Abaixo;09.05.2018;C7;N;N;0;0;0;0;N;
AFV18;Escadaria Abaixo;09.05.2018;C8;N;N;0;0;0;0;N;
AFV18;Escadaria Abaixo;09.05.2018;C9;N;N;0;0;0;0;N;
AFV18;Escadaria Abaixo;09.05.2018;C10;N;N;0;0;0;0;N;
AFV15;Cova da Onca;09.05.2018;C1;N;N;0;0;0;0;N;
AFV15;Cova da Onca;09.05.2018;C2;N;N;0;0;0;0;N;
AFV15;Cova da Onca;09.05.2018;C3;N;N;0;0;0;0;N;
AFV15;Cova da Onca;09.05.2018;C4;N;N;0;0;0;0;N;
AFV15;Cova da Onca;09.05.2018;C5;N;N;0;0;0;0;N;
AFV15;Cova da Onca;09.05.2018;C6;N;N;0;0;0;0;N;
AFV15;Cova da Onca;09.05.2018;C7;N;N;0;0;0;0;N;
AFV15;Cova da Onca;09.05.2018;C8;N;N;0;0;0;0;N;
AFV15;Cova da Onca;09.05.2018;C9;N;N;0;0;0;0;N;
AFV15;Cova da Onca;09.05.2018;C10;N;N;0;0;0;0;N;
AFV11;Casa do Pesquisador;01.08.2018;C1;S;N;60;0;0;0;N;
AFV11;Casa do Pesquisador;02.05.2018;C1;S;N;60;0;0;0;N;
AFV11;Casa do Pesquisador;02.07.2018;C1;S;N;60;0;0;0;N;
AFV11;Casa do Pesquisador;09.05.2018;C1;S;N;60;0;0;0;N;
AFV11;Casa do Pesquisador;14.06.2018;C1;S;N;60;0;0;0;N;
AFV11;Casa do Pesquisador;16.05.2018;C1;S;N;60;0;0;0;N;
AFV11;Casa do Pesquisador;20.04.2018;C1;N;N;0;0;0;0;N;
AFV11;Casa do Pesquisador;24.04.2018;C1;S;N;60;0;0;0;S;
AFV11;Casa do Pesquisador;30.05.2018;C1;S;N;60;0;0;0;N;
AFV11;Casa do Pesquisador;01.08.2018;C10;S;N;33;0;0;0;N;
AFV19;Cascatinha;09.05.2018;C1;N;N;0;0;0;0;N;
AFV19;Cascatinha;09.05.2018;C2;N;N;0;0;0;0;N;
AFV19;Cascatinha;09.05.2018;C3;N;N;0;0;0;0;N;
AFV19;Cascatinha;09.05.2018;C4;N;N;0;0;0;0;N;
AFV19;Cascatinha;09.05.2018;C5;N;N;0;0;0;0;N;
AFV19;Cascatinha;09.05.2018;C6;N;N;0;0;0;0;N;
AFV19;Cascatinha;09.05.2018;C7;N;N;0;0;0;0;N;
AFV19;Cascatinha;09.05.2018;C8;N;N;0;0;0;0;N;
AFV19;Cascatinha;09.05.2018;C9;N;N;0;0;0;0;N;
AFV19;Cascatinha;09.05.2018;C10;N;N;0;0;0;0;N;
AFV07;Lago das Fadas;16.05.2018;C1;N;N;0;0;0;0;N;
AFV07;Lago das Fadas;16.05.2018;C2;N;N;0;0;0;0;N;
AFV07;Lago das Fadas;16.05.2018;C3;N;N;0;0;0;0;N;
AFV07;Lago das Fadas;16.05.2018;C4;N;N;0;0;0;0;N;
AFV07;Lago das Fadas;16.05.2018;C5;N;N;0;0;0;0;N;
AFV07;Lago das Fadas;16.05.2018;C6;N;N;0;0;0;0;N;
AFV07;Lago das Fadas;16.05.2018;C7;N;N;0;0;0;0;N;
AFV07;Lago das Fadas;16.05.2018;C8;N;N;0;0;0;0;N;
AFV07;Lago das Fadas;16.05.2018;C9;N;N;0;0;0;0;N;
AFV07;Lago das Fadas;16.05.2018;C10;N;N;0;0;0;0;N;
AFV11;Casa do Pesquisador;02.05.2018;C10;S;N;33;0;0;0;N;
AFV11;Casa do Pesquisador;02.07.2018;C10;S;N;33;0;0;0;N;
AFV11;Casa do Pesquisador;09.05.2018;C10;S;N;33;0;0;0;N;
AFV11;Casa do Pesquisador;14.06.2018;C10;S;N;33;0;0;0;N;
AFV11;Casa do Pesquisador;16.05.2018;C10;S;N;33;0;0;0;N;
AFV11;Casa do Pesquisador;20.04.2018;C10;S;N;33;0;0;0;S;
AFV11;Casa do Pesquisador;24.04.2018;C10;S;N;33;0;0;0;N;
AFV11;Casa do Pesquisador;30.05.2018;C10;S;N;33;0;0;0;N;
AFV11;Casa do Pesquisador;01.08.2018;C2;D;S;28.5;0;0;0;N;
AFV11;Casa do Pesquisador;02.05.2018;C2;D;S;28.5;0;0;0;N;
AFV20;Grutas;16.05.2018;C1;N;N;0;0;0;0;N;
AFV20;Grutas;16.05.2018;C2;N;N;0;0;0;0;N;
AFV20;Grutas;16.05.2018;C3;N;N;0;0;0;0;N;
AFV20;Grutas;16.05.2018;C4;N;N;0;0;0;0;N;
AFV20;Grutas;16.05.2018;C5;N;N;0;0;0;0;N;
AFV20;Grutas;16.05.2018;C6;N;N;0;0;0;0;N;
AFV20;Grutas;16.05.2018;C7;N;N;0;0;0;0;N;
AFV20;Grutas;16.05.2018;C8;N;N;0;0;0;0;N;
AFV20;Grutas;16.05.2018;C9;N;N;0;0;0;0;N;
AFV20;Grutas;16.05.2018;C10;N;N;0;0;0;0;N;
AFV06;Muro;16.05.2018;C1;N;N;0;0;0;0;N;
AFV06;Muro;16.05.2018;C2;N;N;0;0;0;0;N;
AFV06;Muro;16.05.2018;C3;N;N;0;0;0;0;N;
AFV06;Muro;16.05.2018;C4;N;N;0;0;0;0;N;
AFV06;Muro;16.05.2018;C5;N;N;0;0;0;0;N;
AFV06;Muro;16.05.2018;C6;N;N;0;0;0;0;N;
AFV06;Muro;16.05.2018;C7;N;N;0;0;0;0;N;
AFV06;Muro;16.05.2018;C8;N;N;0;0;0;0;N;
AFV06;Muro;16.05.2018;C9;N;N;0;0;0;0;N;
AFV06;Muro;16.05.2018;C10;N;N;0;0;0;0;N;
AFV11;Casa do Pesquisador;02.07.2018;C2;D;S;28.5;0;0;0;N;
AFV11;Casa do Pesquisador;09.05.2018;C2;D;S;28.5;0;0;0;N;
AFV11;Casa do Pesquisador;14.06.2018;C2;D;S;28.5;0;0;0;N;
AFV11;Casa do Pesquisador;16.05.2018;C2;D;S;28.5;0;0;0;N;
AFV11;Casa do Pesquisador;20.04.2018;C2;N;N;0;0;0;0;N;
AFV11;Casa do Pesquisador;24.04.2018;C2;D;S;28.5;0;0;0;S;
AFV11;Casa do Pesquisador;30.05.2018;C2;D;S;28.5;0;0;0;N;
AFV11;Casa do Pesquisador;01.08.2018;C3;D;S;30;21;0;0;N;
AFV11;Casa do Pesquisador;02.05.2018;C3;D;S;30;21;0;0;S;
AFV11;Casa do Pesquisador;02.07.2018;C3;D;S;30;21;0;0;N;
AFV10a;Banheira;16.05.2018;C1;N;N;0;0;0;0;N;
AFV17a;Casas;24.04.2018;C1;P;N;11.6;0;0;0;N;
AFV10a;Banheira;16.05.2018;C3;N;N;0;0;0;0;N;
AFV10a;Banheira;16.05.2018;C4;N;N;0;0;0;0;N;
AFV17a;Casas;16.05.2018;C10;P;N;2;0;0;0;N;
AFV10a;Banheira;16.05.2018;C6;D;S;3;0;0;0;S;
AFV10a;Banheira;16.05.2018;C7;N;N;0;0;0;0;N;
AFV10a;Banheira;16.05.2018;C8;N;N;0;0;0;0;N;
AFV10a;Banheira;16.05.2018;C9;N;N;0;0;0;0;N;
AFV10a;Banheira;16.05.2018;C10;S;N;0;0;0;0;S;
AFV11;Casa do Pesquisador;09.05.2018;C3;D;S;30;21;0;0;N;
AFV11;Casa do Pesquisador;14.06.2018;C3;D;S;30;21;0;0;N;
AFV11;Casa do Pesquisador;16.05.2018;C3;D;S;30;21;0;0;N;
AFV11;Casa do Pesquisador;20.04.2018;C3;D;N;9.3;0;0;0;S;
AFV11;Casa do Pesquisador;24.04.2018;C3;D;N;9.3;0;0;0;N;
AFV11;Casa do Pesquisador;30.05.2018;C3;D;S;30;21;0;0;N;
AFV11;Casa do Pesquisador;01.08.2018;C4;D;S;65;32;16;0;N;
AFV11;Casa do Pesquisador;02.05.2018;C4;D;S;49;32;0;0;S;
AFV11;Casa do Pesquisador;02.07.2018;C4;D;S;65;32;16;0;N;
AFV11;Casa do Pesquisador;09.05.2018;C4;D;S;65;32;16;0;S;
AFV11;Casa do Pesquisador;14.06.2018;C4;D;S;65;32;16;0;N;
AFV11;Casa do Pesquisador;16.05.2018;C4;D;S;65;32;16;0;N;
AFV11;Casa do Pesquisador;20.04.2018;C4;D;S;16;0;0;0;S;
AFV11;Casa do Pesquisador;24.04.2018;C4;D;S;16;0;0;0;N;
AFV11;Casa do Pesquisador;30.05.2018;C4;D;S;65;32;16;0;N;
AFV11;Casa do Pesquisador;01.08.2018;C5;S;S;30;0;0;0;N;
AFV11;Casa do Pesquisador;02.05.2018;C5;D;S;30;0;0;0;N;
AFV11;Casa do Pesquisador;02.07.2018;C5;S;S;30;0;0;0;N;
AFV11;Casa do Pesquisador;09.05.2018;C5;D;S;30;0;0;0;N;
AFV11;Casa do Pesquisador;14.06.2018;C5;S;S;30;0;0;0;N;
AFV17a;Casas;30.05.2018;C10;P;N;2;0;0;0;N;
AFV17a;Casas;14.06.2018;C10;P;N;2;0;0;0;N;
AFV17a;Casas;01.08.2018;C10;P;N;2;0;0;0;N;
AFV17a;Casas;02.07.2018;C10;P;N;2;0;0;0;N;
AFV17a;Casas;02.05.2018;C10;P;N;2;0;0;0;N;
AFV17a;Casas;09.05.2018;C10;P;N;2;0;0;0;N;
AFV17a;Casas;20.04.2018;C10;P;N;2;0;0;0;S;
AFV17a;Casas;24.04.2018;C10;P;N;2;0;0;0;N;
AFV13;Centro de Visitantes;16.05.2018;C9;D;S;41.3;0;0;0;N;
AFV17a;Casas;01.08.2018;C4;P;S;11.4;0;0;0;S;
AFV17a;Casas;16.05.2018;C9;P;S;13.6;0;0;0;N;
AFV08;Cercado;16.05.2018;C2;S;N;16;0;0;0;N;
AFV17a;Casas;30.05.2018;C9;P;S;13.6;0;0;0;N;
AFV17a;Casas;14.06.2018;C9;P;S;13.6;0;0;0;N;
AFV08;Cercado;16.05.2018;C5;D;S;51;8.5;0;0;S;
AFV17a;Casas;01.08.2018;C9;P;S;13.6;0;0;0;N;
AFV17a;Casas;02.05.2018;C9;P;S;13.6;0;0;0;S;
AFV17a;Casas;02.07.2018;C9;P;S;13.6;0;0;0;N;
AFV17a;Casas;09.05.2018;C9;P;S;13.6;0;0;0;N;
AFV13;Centro de Visitantes;16.05.2018;C1;P;N;19;0;0;0;S;
AFV03;Circuito Mylena;16.05.2018;C1;N;N;0;0;0;0;N;
AFV03;Circuito Mylena;16.05.2018;C2;N;N;0;0;0;0;N;
AFV03;Circuito Mylena;16.05.2018;C3;N;N;0;0;0;0;N;
AFV03;Circuito Mylena;16.05.2018;C4;N;N;0;0;0;0;N;
AFV03;Circuito Mylena;16.05.2018;C5;N;N;0;0;0;0;N;
AFV03;Circuito Mylena;16.05.2018;C6;S;N;0;0;0;0;S;
AFV03;Circuito Mylena;16.05.2018;C7;N;N;0;0;0;0;N;
AFV03;Circuito Mylena;16.05.2018;C8;S;N;0;0;0;0;S;
AFV03;Circuito Mylena;16.05.2018;C9;S;N;0;0;0;0;S;
AFV03;Circuito Mylena;16.05.2018;C10;D;S;12;0;0;0;S;
AFV11;Casa do Pesquisador;16.05.2018;C5;D;S;30;0;0;0;N;
AFV11;Casa do Pesquisador;20.04.2018;C5;D;S;30;0;0;0;S;
AFV11;Casa do Pesquisador;24.04.2018;C5;D;S;30;0;0;0;N;
AFV11;Casa do Pesquisador;30.05.2018;C5;S;S;30;0;0;0;S;
AFV11;Casa do Pesquisador;01.08.2018;C6;D;S;14.5;0;0;0;N;
AFV11;Casa do Pesquisador;02.05.2018;C6;D;S;14.5;0;0;0;N;
AFV11;Casa do Pesquisador;02.07.2018;C6;D;S;14.5;0;0;0;N;
AFV11;Casa do Pesquisador;09.05.2018;C6;D;S;14.5;0;0;0;N;
AFV11;Casa do Pesquisador;14.06.2018;C6;D;S;14.5;0;0;0;N;
AFV11;Casa do Pesquisador;16.05.2018;C6;D;S;14.5;0;0;0;N;
AFV13;Centro de Visitantes;30.05.2018;C1;P;N;19;0;0;0;N;
AFV09;Cercado Acima;16.05.2018;C2;D;S;13;0;0;0;N;
AFV09;Cercado Acima;16.05.2018;C3;D;S;19;0;0;0;N;
AFV13;Centro de Visitantes;14.06.2018;C1;P;N;19;0;0;0;N;
AFV13;Centro de Visitantes;02.07.2018;C1;P;N;19;0;0;0;N;
AFV09;Cercado Acima;16.05.2018;C6;D;N;23;0;0;0;S;
AFV09;Cercado Acima;16.05.2018;C7;D;S;8;0;0;0;N;
AFV13;Centro de Visitantes;01.08.2018;C1;P;N;19;0;0;0;N;
AFV09;Cercado Acima;16.05.2018;C9;N;N;0;0;0;0;N;
AFV13;Centro de Visitantes;09.05.2018;C10;P;N;9;0;0;0;S;
AFV16a;Saida;16.05.2018;C1;S;N;0;0;0;0;N;
AFV16a;Saida;16.05.2018;C2;D;S;16;0;0;0;N;
AFV16a;Saida;16.05.2018;C3;S;N;0;0;0;0;N;
AFV16a;Saida;16.05.2018;C4;S;N;0;0;0;0;N;
AFV16a;Saida;16.05.2018;C5;S;N;0;0;0;0;N;
AFV16a;Saida;16.05.2018;C6;S;N;0;0;0;0;N;
AFV16a;Saida;16.05.2018;C7;S;N;0;0;0;0;N;
AFV13;Centro de Visitantes;16.05.2018;C10;P;N;21;0;0;0;N;
AFV16a;Saida;16.05.2018;C9;S;N;0;0;0;0;N;
AFV16a;Saida;16.05.2018;C10;S;N;79;0;0;0;N;
AFV11;Casa do Pesquisador;20.04.2018;C6;D;S;14.5;0;0;0;S;
AFV11;Casa do Pesquisador;24.04.2018;C6;D;S;14.5;0;0;0;N;
AFV11;Casa do Pesquisador;30.05.2018;C6;D;S;14.5;0;0;0;N;
AFV11;Casa do Pesquisador;01.08.2018;C7;S;N;14;0;0;0;N;
AFV11;Casa do Pesquisador;02.05.2018;C7;S;N;14;0;0;0;N;
AFV11;Casa do Pesquisador;02.07.2018;C7;S;N;14;0;0;0;N;
AFV11;Casa do Pesquisador;09.05.2018;C7;S;N;14;0;0;0;N;
AFV11;Casa do Pesquisador;14.06.2018;C7;S;N;14;0;0;0;N;
AFV11;Casa do Pesquisador;16.05.2018;C7;S;N;14;0;0;0;N;
AFV11;Casa do Pesquisador;20.04.2018;C7;N;N;0;0;0;0;N;
AFV18;Escadaria Abaixo;16.05.2018;C1;N;N;0;0;0;0;N;
AFV18;Escadaria Abaixo;16.05.2018;C2;N;N;0;0;0;0;N;
AFV18;Escadaria Abaixo;16.05.2018;C3;N;N;0;0;0;0;N;
AFV18;Escadaria Abaixo;16.05.2018;C4;N;N;0;0;0;0;N;
AFV18;Escadaria Abaixo;16.05.2018;C5;N;N;0;0;0;0;N;
AFV18;Escadaria Abaixo;16.05.2018;C6;N;N;0;0;0;0;N;
AFV18;Escadaria Abaixo;16.05.2018;C7;N;N;0;0;0;0;N;
AFV18;Escadaria Abaixo;16.05.2018;C8;N;N;0;0;0;0;N;
AFV18;Escadaria Abaixo;16.05.2018;C9;N;N;0;0;0;0;N;
AFV18;Escadaria Abaixo;16.05.2018;C10;N;N;0;0;0;0;N;
AFV15;Cova da Onca;16.05.2018;C1;N;N;0;0;0;0;N;
AFV15;Cova da Onca;16.05.2018;C2;N;N;0;0;0;0;N;
AFV15;Cova da Onca;16.05.2018;C3;N;N;0;0;0;0;N;
AFV15;Cova da Onca;16.05.2018;C4;N;N;0;0;0;0;N;
AFV15;Cova da Onca;16.05.2018;C5;N;N;0;0;0;0;N;
AFV15;Cova da Onca;16.05.2018;C6;N;N;0;0;0;0;N;
AFV15;Cova da Onca;16.05.2018;C7;N;N;0;0;0;0;N;
AFV15;Cova da Onca;16.05.2018;C8;N;N;0;0;0;0;N;
AFV15;Cova da Onca;16.05.2018;C9;N;N;0;0;0;0;N;
AFV15;Cova da Onca;16.05.2018;C10;N;N;0;0;0;0;N;
AFV11;Casa do Pesquisador;24.04.2018;C7;S;N;14;0;0;0;S;
AFV11;Casa do Pesquisador;30.05.2018;C7;S;N;14;0;0;0;N;
AFV11;Casa do Pesquisador;01.08.2018;C8;S;N;49;0;0;0;N;
AFV11;Casa do Pesquisador;02.05.2018;C8;S;N;49;0;0;0;S;
AFV11;Casa do Pesquisador;02.07.2018;C8;S;N;49;0;0;0;N;
AFV11;Casa do Pesquisador;09.05.2018;C8;S;N;49;0;0;0;N;
AFV11;Casa do Pesquisador;14.06.2018;C8;S;N;49;0;0;0;N;
AFV11;Casa do Pesquisador;16.05.2018;C8;S;N;49;0;0;0;N;
AFV11;Casa do Pesquisador;20.04.2018;C8;N;N;0;0;0;0;N;
AFV11;Casa do Pesquisador;24.04.2018;C8;D;N;49;0;0;0;S;
AFV19;Cascatinha;16.05.2018;C1;N;N;0;0;0;0;N;
AFV19;Cascatinha;16.05.2018;C2;N;N;0;0;0;0;N;
AFV19;Cascatinha;16.05.2018;C3;N;N;0;0;0;0;N;
AFV19;Cascatinha;16.05.2018;C4;N;N;0;0;0;0;N;
AFV19;Cascatinha;16.05.2018;C5;N;N;0;0;0;0;N;
AFV19;Cascatinha;16.05.2018;C6;N;N;0;0;0;0;N;
AFV19;Cascatinha;16.05.2018;C7;N;N;0;0;0;0;N;
AFV19;Cascatinha;16.05.2018;C8;N;N;0;0;0;0;N;
AFV19;Cascatinha;16.05.2018;C9;N;N;0;0;0;0;N;
AFV19;Cascatinha;16.05.2018;C10;N;N;0;0;0;0;N;
AFV07;Lago das Fadas;30.05.2018;C1;N;N;0;0;0;0;N;
AFV07;Lago das Fadas;30.05.2018;C2;N;N;0;0;0;0;N;
AFV07;Lago das Fadas;30.05.2018;C3;N;N;0;0;0;0;N;
AFV07;Lago das Fadas;30.05.2018;C4;N;N;0;0;0;0;N;
AFV07;Lago das Fadas;30.05.2018;C5;N;N;0;0;0;0;N;
AFV07;Lago das Fadas;30.05.2018;C6;N;N;0;0;0;0;N;
AFV07;Lago das Fadas;30.05.2018;C7;N;N;0;0;0;0;N;
AFV07;Lago das Fadas;30.05.2018;C8;N;N;0;0;0;0;N;
AFV07;Lago das Fadas;30.05.2018;C9;N;N;0;0;0;0;N;
AFV07;Lago das Fadas;30.05.2018;C10;N;N;0;0;0;0;N;
AFV11;Casa do Pesquisador;30.05.2018;C8;S;N;49;0;0;0;N;
AFV11;Casa do Pesquisador;01.08.2018;C9;S;N;12;0;0;0;N;
AFV11;Casa do Pesquisador;02.05.2018;C9;S;N;12;0;0;0;N;
AFV11;Casa do Pesquisador;02.07.2018;C9;S;N;12;0;0;0;N;
AFV11;Casa do Pesquisador;09.05.2018;C9;S;N;12;0;0;0;N;
AFV11;Casa do Pesquisador;14.06.2018;C9;S;N;12;0;0;0;N;
AFV11;Casa do Pesquisador;16.05.2018;C9;S;N;12;0;0;0;N;
AFV11;Casa do Pesquisador;20.04.2018;C9;N;N;0;0;0;0;N;
AFV11;Casa do Pesquisador;24.04.2018;C9;S;N;12;0;0;0;S;
AFV11;Casa do Pesquisador;30.05.2018;C9;S;N;12;0;0;0;N;
AFV20;Grutas;30.05.2018;C1;N;N;0;0;0;0;N;
AFV20;Grutas;30.05.2018;C2;N;N;0;0;0;0;N;
AFV20;Grutas;30.05.2018;C3;N;N;0;0;0;0;N;
AFV20;Grutas;30.05.2018;C4;N;N;0;0;0;0;N;
AFV20;Grutas;30.05.2018;C5;N;N;0;0;0;0;N;
AFV20;Grutas;30.05.2018;C6;N;N;0;0;0;0;N;
AFV20;Grutas;30.05.2018;C7;N;N;0;0;0;0;N;
AFV20;Grutas;30.05.2018;C8;N;N;0;0;0;0;N;
AFV20;Grutas;30.05.2018;C9;N;N;0;0;0;0;N;
AFV20;Grutas;30.05.2018;C10;N;N;0;0;0;0;N;
AFV06;Muro;30.05.2018;C1;N;N;0;0;0;0;N;
AFV06;Muro;30.05.2018;C2;N;N;0;0;0;0;N;
AFV06;Muro;30.05.2018;C3;N;N;0;0;0;0;N;
AFV06;Muro;30.05.2018;C4;N;N;0;0;0;0;N;
AFV13;Centro de Visitantes;30.05.2018;C10;P;N;21;0;0;0;N;
AFV13;Centro de Visitantes;14.06.2018;C10;P;N;21;0;0;0;N;
AFV06;Muro;30.05.2018;C7;N;N;0;0;0;0;N;
AFV06;Muro;30.05.2018;C8;N;N;0;0;0;0;N;
AFV06;Muro;30.05.2018;C9;N;N;0;0;0;0;N;
AFV06;Muro;30.05.2018;C10;N;N;0;0;0;0;N;
AFV13;Centro de Visitantes;02.07.2018;C10;P;N;21;0;0;0;N;
AFV13;Centro de Visitantes;01.08.2018;C10;P;N;21;0;0;0;N;
AFV13;Centro de Visitantes;24.04.2018;C2;P;S;33;0;0;0;S;
AFV13;Centro de Visitantes;02.05.2018;C2;P;N;33;0;0;0;N;
AFV13;Centro de Visitantes;09.05.2018;C2;P;N;33;0;0;0;N;
AFV13;Centro de Visitantes;16.05.2018;C2;P;N;33;0;0;0;N;
AFV13;Centro de Visitantes;30.05.2018;C2;P;N;33;0;0;0;N;
AFV13;Centro de Visitantes;14.06.2018;C2;P;N;33;0;0;0;N;
AFV13;Centro de Visitantes;02.07.2018;C2;P;N;33;0;0;0;N;
AFV13;Centro de Visitantes;01.08.2018;C2;P;N;33;0;0;0;N;
AFV13;Centro de Visitantes;02.05.2018;C3;P;N;14;0;0;0;S;
AFV13;Centro de Visitantes;09.05.2018;C3;P;N;22;0;0;0;N;
AFV13;Centro de Visitantes;16.05.2018;C3;P;N;22;0;0;0;N;
AFV13;Centro de Visitantes;30.05.2018;C3;P;N;22;0;0;0;N;
AFV13;Centro de Visitantes;14.06.2018;C3;P;N;22;0;0;0;N;
AFV13;Centro de Visitantes;02.07.2018;C3;P;N;22;0;0;0;N;
AFV10a;Banheira;30.05.2018;C7;N;N;0;0;0;0;N;
AFV10a;Banheira;30.05.2018;C8;S;N;0;0;0;0;S;
AFV10a;Banheira;30.05.2018;C9;N;N;0;0;0;0;N;
AFV10a;Banheira;30.05.2018;C10;S;N;0;0;0;0;S;
AFV13;Centro de Visitantes;01.08.2018;C3;P;N;22;0;0;0;N;
AFV13;Centro de Visitantes;16.05.2018;C4;P;N;16;0;0;0;S;
AFV13;Centro de Visitantes;30.05.2018;C4;P;N;16;0;0;0;N;
AFV13;Centro de Visitantes;14.06.2018;C4;P;N;16;0;0;0;N;
AFV13;Centro de Visitantes;02.07.2018;C4;P;N;16;0;0;0;N;
AFV13;Centro de Visitantes;01.08.2018;C4;P;N;16;0;0;0;N;
AFV13;Centro de Visitantes;02.05.2018;C5;P;N;14;0;0;0;S;
AFV13;Centro de Visitantes;09.05.2018;C5;P;N;14;0;0;0;N;
AFV17a;Casas;01.08.2018;C2;D;S;12.5;0;0;0;N;
AFV17a;Casas;02.05.2018;C2;D;S;12.5;0;0;0;N;
AFV17a;Casas;02.07.2018;C2;D;S;12.5;0;0;0;N;
AFV17a;Casas;09.05.2018;C2;D;S;12.5;0;0;0;N;
AFV17a;Casas;14.06.2018;C2;D;S;12.5;0;0;0;N;
AFV17a;Casas;16.05.2018;C2;D;S;12.5;0;0;0;N;
AFV17a;Casas;20.04.2018;C2;D;S;12.5;0;0;0;S;
AFV17a;Casas;24.04.2018;C2;D;S;12.5;0;0;0;N;
AFV17a;Casas;30.05.2018;C2;D;S;12.5;0;0;0;N;
AFV17a;Casas;01.08.2018;C3;D;S;23.3;0;0;0;N;
AFV17a;Casas;02.05.2018;C3;D;S;23.3;0;0;0;N;
AFV17a;Casas;02.07.2018;C3;D;S;23.3;0;0;0;N;
AFV13;Centro de Visitantes;16.05.2018;C5;P;N;14;0;0;0;N;
AFV13;Centro de Visitantes;30.05.2018;C5;P;N;14;0;0;0;N;
AFV13;Centro de Visitantes;14.06.2018;C5;P;N;14;0;0;0;N;
AFV13;Centro de Visitantes;02.07.2018;C5;P;N;14;0;0;0;N;
AFV13;Centro de Visitantes;01.08.2018;C5;P;N;14;0;0;0;N;
AFV13;Centro de Visitantes;16.05.2018;C6;P;N;17;0;0;0;S;
AFV13;Centro de Visitantes;30.05.2018;C6;P;N;17;0;0;0;N;
AFV13;Centro de Visitantes;14.06.2018;C6;P;N;17;0;0;0;N;
AFV13;Centro de Visitantes;30.05.2018;C9;D;S;41.3;0;0;0;N;
AFV13;Centro de Visitantes;02.07.2018;C6;P;N;17;0;0;0;N;
AFV13;Centro de Visitantes;01.08.2018;C6;P;N;17;0;0;0;N;
AFV08;Cercado;30.05.2018;C2;S;N;16;0;0;0;N;
AFV13;Centro de Visitantes;16.05.2018;C7;P;N;0;0;0;0;S;
AFV13;Centro de Visitantes;30.05.2018;C7;P;N;0;0;0;0;N;
AFV08;Cercado;30.05.2018;C5;D;S;51;8.5;0;0;N;
AFV13;Centro de Visitantes;14.06.2018;C7;P;N;0;0;0;0;N;
AFV13;Centro de Visitantes;02.07.2018;C7;P;N;0;0;0;0;N;
AFV13;Centro de Visitantes;01.08.2018;C7;P;N;0;0;0;0;N;
AFV13;Centro de Visitantes;09.05.2018;C8;P;N;9;0;0;0;S;
AFV13;Centro de Visitantes;16.05.2018;C8;P;N;0;0;0;0;N;
AFV03;Circuito Mylena;30.05.2018;C1;S;N;0;0;0;0;S;
AFV03;Circuito Mylena;30.05.2018;C2;S;N;0;0;0;0;S;
AFV03;Circuito Mylena;30.05.2018;C3;S;N;0;0;0;0;S;
AFV03;Circuito Mylena;30.05.2018;C4;D;S;22;0;0;0;S;
AFV03;Circuito Mylena;30.05.2018;C5;N;N;0;0;0;0;N;
AFV03;Circuito Mylena;30.05.2018;C6;S;N;0;0;0;0;15;
AFV03;Circuito Mylena;30.05.2018;C7;D;S;8;0;0;0;S;
AFV03;Circuito Mylena;30.05.2018;C8;S;N;0;0;0;0;N;
AFV03;Circuito Mylena;30.05.2018;C9;S;N;0;0;0;0;N;
AFV03;Circuito Mylena;30.05.2018;C10;D;S;12;0;0;0;N;
AFV17a;Casas;09.05.2018;C3;D;S;23.3;0;0;0;N;
AFV17a;Casas;14.06.2018;C3;D;S;23.3;0;0;0;N;
AFV17a;Casas;16.05.2018;C3;D;S;23.3;0;0;0;N;
AFV17a;Casas;20.04.2018;C3;D;S;23.3;0;0;0;S;
AFV17a;Casas;24.04.2018;C3;D;S;23.3;0;0;0;N;
AFV17a;Casas;30.05.2018;C3;D;S;23.3;0;0;0;N;
AFV13;Centro de Visitantes;30.05.2018;C8;P;N;0;0;0;0;N;
AFV17a;Casas;02.05.2018;C4;D;S;11.4;0;0;0;N;
AFV17a;Casas;02.07.2018;C4;D;S;11.4;0;0;0;N;
AFV17a;Casas;09.05.2018;C4;D;S;11.4;0;0;0;N;
AFV13;Centro de Visitantes;14.06.2018;C8;P;N;0;0;0;0;N;
AFV13;Centro de Visitantes;02.07.2018;C8;P;N;0;0;0;0;N;
AFV13;Centro de Visitantes;01.08.2018;C8;P;N;0;0;0;0;N;
AFV08;Cercado;24.04.2018;C1;P;N;17;0;0;0;S;
AFV08;Cercado;02.05.2018;C1;P;N;17;0;0;0;N;
AFV08;Cercado;09.05.2018;C1;P;N;17;0;0;0;N;
AFV08;Cercado;16.05.2018;C1;P;N;17;0;0;0;N;
AFV08;Cercado;30.05.2018;C1;P;N;17;0;0;0;N;
AFV08;Cercado;14.06.2018;C1;P;N;17;0;0;0;N;
AFV08;Cercado;02.07.2018;C1;P;N;17;0;0;0;N;
AFV16a;Saida;30.05.2018;C1;S;N;0;0;0;0;N;
AFV16a;Saida;30.05.2018;C2;D;S;16;0;0;0;N;
AFV16a;Saida;30.05.2018;C3;S;N;0;0;0;0;N;
AFV16a;Saida;30.05.2018;C4;S;N;0;0;0;0;N;
AFV16a;Saida;30.05.2018;C5;S;N;0;0;0;0;N;
AFV16a;Saida;30.05.2018;C6;S;N;0;0;0;0;N;
AFV16a;Saida;30.05.2018;C7;S;N;0;0;0;0;N;
AFV08;Cercado;01.08.2018;C1;P;N;17;0;0;0;N;
AFV16a;Saida;30.05.2018;C9;S;N;0;0;0;0;N;
AFV16a;Saida;30.05.2018;C10;S;N;79;0;0;0;N;
AFV17a;Casas;14.06.2018;C4;D;S;11.4;0;0;0;N;
AFV17a;Casas;16.05.2018;C4;D;S;11.4;0;0;0;N;
AFV17a;Casas;20.04.2018;C4;D;S;11.4;0;0;0;S;
AFV17a;Casas;24.04.2018;C4;D;S;11.4;0;0;0;N;
AFV17a;Casas;30.05.2018;C4;D;S;11.4;0;0;0;N;
AFV17a;Casas;01.08.2018;C5;S;N;0;0;0;0;N;
AFV17a;Casas;02.05.2018;C5;S;N;0;0;0;0;N;
AFV17a;Casas;02.07.2018;C5;S;N;0;0;0;0;N;
AFV17a;Casas;09.05.2018;C5;S;N;0;0;0;0;N;
AFV17a;Casas;14.06.2018;C5;S;N;0;0;0;0;N;
AFV18;Escadaria Abaixo;30.05.2018;C1;N;N;0;0;0;0;N;
AFV18;Escadaria Abaixo;30.05.2018;C2;N;N;0;0;0;0;N;
AFV18;Escadaria Abaixo;30.05.2018;C3;N;N;0;0;0;0;N;
AFV18;Escadaria Abaixo;30.05.2018;C4;N;N;0;0;0;0;N;
AFV18;Escadaria Abaixo;30.05.2018;C5;N;N;0;0;0;0;N;
AFV18;Escadaria Abaixo;30.05.2018;C6;N;N;0;0;0;0;N;
AFV18;Escadaria Abaixo;30.05.2018;C7;N;N;0;0;0;0;N;
AFV18;Escadaria Abaixo;30.05.2018;C8;N;N;0;0;0;0;N;
AFV18;Escadaria Abaixo;30.05.2018;C9;N;N;0;0;0;0;N;
AFV18;Escadaria Abaixo;30.05.2018;C10;N;N;0;0;0;0;N;
AFV15;Cova da Onca;30.05.2018;C1;N;N;0;0;0;0;N;
AFV15;Cova da Onca;30.05.2018;C2;N;N;0;0;0;0;N;
AFV15;Cova da Onca;30.05.2018;C3;N;N;0;0;0;0;N;
AFV15;Cova da Onca;30.05.2018;C4;N;N;0;0;0;0;N;
AFV15;Cova da Onca;30.05.2018;C5;N;N;0;0;0;0;N;
AFV15;Cova da Onca;30.05.2018;C6;N;N;0;0;0;0;N;
AFV15;Cova da Onca;30.05.2018;C7;N;N;0;0;0;0;N;
AFV15;Cova da Onca;30.05.2018;C8;N;N;0;0;0;0;N;
AFV15;Cova da Onca;30.05.2018;C9;N;N;0;0;0;0;N;
AFV15;Cova da Onca;30.05.2018;C10;N;N;0;0;0;0;N;
AFV17a;Casas;16.05.2018;C5;S;N;0;0;0;0;N;
AFV17a;Casas;20.04.2018;C5;S;N;0;0;0;0;S;Acabou a linha
AFV17a;Casas;24.04.2018;C5;S;N;0;0;0;0;N;
AFV17a;Casas;30.05.2018;C5;S;N;0;0;0;0;N;
AFV17a;Casas;01.08.2018;C6;S;N;23.2;0;0;0;N;
AFV17a;Casas;02.05.2018;C6;S;N;23.2;0;0;0;N;
AFV17a;Casas;02.07.2018;C6;S;N;23.2;0;0;0;N;
AFV17a;Casas;09.05.2018;C6;S;N;23.2;0;0;0;N;
AFV17a;Casas;14.06.2018;C6;S;N;23.2;0;0;0;N;
AFV17a;Casas;16.05.2018;C6;S;N;23.2;0;0;0;N;
AFV19;Cascatinha;30.05.2018;C1;N;N;0;0;0;0;N;
AFV19;Cascatinha;30.05.2018;C2;N;N;0;0;0;0;N;
AFV19;Cascatinha;30.05.2018;C3;N;N;0;0;0;0;N;
AFV19;Cascatinha;30.05.2018;C4;N;N;0;0;0;0;N;
AFV19;Cascatinha;30.05.2018;C5;N;N;0;0;0;0;N;
AFV19;Cascatinha;30.05.2018;C6;N;N;0;0;0;0;N;
AFV19;Cascatinha;30.05.2018;C7;N;N;0;0;0;0;N;
AFV19;Cascatinha;30.05.2018;C8;N;N;0;0;0;0;N;
AFV19;Cascatinha;30.05.2018;C9;N;N;0;0;0;0;N;
AFV19;Cascatinha;30.05.2018;C10;N;N;0;0;0;0;N;
AFV07;Lago das Fadas;14.06.2018;C1;S;N;0;0;0;0;S;
AFV07;Lago das Fadas;14.06.2018;C2;S;N;0;0;0;0;S;
AFV07;Lago das Fadas;14.06.2018;C3;S;N;0;0;0;0;S;
AFV08;Cercado;24.04.2018;C10;P;N;32;0;0;0;S;
AFV08;Cercado;02.05.2018;C10;P;N;32;0;0;0;N;Acabou a linha
AFV08;Cercado;09.05.2018;C10;P;N;32;0;0;0;N;
AFV08;Cercado;16.05.2018;C10;P;N;32;0;0;0;N;
AFV07;Lago das Fadas;14.06.2018;C8;S;N;0;0;0;0;S;
AFV07;Lago das Fadas;14.06.2018;C9;S;N;0;0;0;0;S;
AFV08;Cercado;30.05.2018;C10;P;N;32;0;0;0;N;
AFV17a;Casas;20.04.2018;C6;S;N;23.2;0;0;0;S;
AFV17a;Casas;24.04.2018;C6;S;N;23.2;0;0;0;N;
AFV17a;Casas;30.05.2018;C6;S;N;23.2;0;0;0;N;
AFV17a;Casas;01.08.2018;C7;S;N;14.4;0;0;0;N;
AFV17a;Casas;02.05.2018;C7;S;N;14.4;0;0;0;N;
AFV17a;Casas;02.07.2018;C7;S;N;14.4;0;0;0;N;
AFV17a;Casas;09.05.2018;C7;S;N;14.4;0;0;0;N;
AFV17a;Casas;14.06.2018;C7;S;N;14.4;0;0;0;N;
AFV17a;Casas;16.05.2018;C7;S;N;14.4;0;0;0;N;
AFV17a;Casas;20.04.2018;C7;S;N;14.4;0;0;0;S;
AFV08;Cercado;14.06.2018;C10;P;N;32;0;0;0;N;
AFV20;Grutas;14.06.2018;C2;S;N;0;0;0;0;S;
AFV08;Cercado;02.07.2018;C10;P;N;32;0;0;0;N;
AFV08;Cercado;01.08.2018;C10;P;N;32;0;0;0;N;
AFV08;Cercado;02.05.2018;C3;P;N;25;0;0;0;S;
AFV08;Cercado;09.05.2018;C3;P;N;25;0;0;0;N;
AFV20;Grutas;14.06.2018;C7;S;N;0;0;0;0;S;
AFV08;Cercado;16.05.2018;C3;P;N;25;0;0;0;N;
AFV20;Grutas;14.06.2018;C9;S;N;0;0;0;0;S;
AFV08;Cercado;30.05.2018;C3;P;N;25;0;0;0;N;
AFV06;Muro;14.06.2018;C1;N;N;0;0;0;0;N;
AFV06;Muro;14.06.2018;C2;N;N;0;0;0;0;N;
AFV06;Muro;14.06.2018;C3;N;N;0;0;0;0;N;
AFV06;Muro;14.06.2018;C4;N;N;0;0;0;0;N;
AFV08;Cercado;14.06.2018;C3;P;N;25;0;0;0;N;
AFV08;Cercado;02.07.2018;C3;P;N;25;0;0;0;N;
AFV06;Muro;14.06.2018;C7;N;N;0;0;0;0;N;
AFV06;Muro;14.06.2018;C8;N;N;0;0;0;0;N;
AFV06;Muro;14.06.2018;C9;N;N;0;0;0;0;N;
AFV06;Muro;14.06.2018;C10;N;N;0;0;0;0;N;
AFV17a;Casas;24.04.2018;C7;S;N;14.4;0;0;0;N;
AFV17a;Casas;30.05.2018;C7;S;N;14.4;0;0;0;N;
AFV17a;Casas;01.08.2018;C8;S;N;2;0;0;0;N;
AFV17a;Casas;02.05.2018;C8;S;N;2;0;0;0;N;
AFV17a;Casas;02.07.2018;C8;S;N;2;0;0;0;N;
AFV17a;Casas;09.05.2018;C8;S;N;2;0;0;0;N;
AFV17a;Casas;14.06.2018;C8;S;N;2;0;0;0;N;
AFV17a;Casas;16.05.2018;C8;S;N;2;0;0;0;N;
AFV17a;Casas;20.04.2018;C8;S;N;2;0;0;0;S;
AFV17a;Casas;24.04.2018;C8;S;N;2;0;0;0;N;
AFV08;Cercado;01.08.2018;C3;P;N;25;0;0;0;N;
AFV08;Cercado;09.05.2018;C4;P;N;15;0;0;0;S;
AFV08;Cercado;16.05.2018;C4;P;N;15;0;0;0;N;
AFV08;Cercado;30.05.2018;C4;P;N;15;0;0;0;N;
AFV08;Cercado;14.06.2018;C4;P;N;15;0;0;0;N;
AFV08;Cercado;02.07.2018;C4;P;N;15;0;0;0;N;
AFV10a;Banheira;14.06.2018;C7;N;N;0;0;0;0;N;
AFV10a;Banheira;14.06.2018;C8;S;N;0;0;0;0;N;
AFV10a;Banheira;14.06.2018;C9;N;N;0;0;0;0;N;
AFV10a;Banheira;14.06.2018;C10;S;N;0;0;0;0;S;
AFV17a;Casas;30.05.2018;C8;S;N;2;0;0;0;N;
AFV08;Cercado;01.08.2018;C4;P;N;15;0;0;0;N;
AFV08;Cercado;20.04.2018;C6;P;N;15;0;0;0;S;Acabou a linha
AFV08;Cercado;24.04.2018;C6;P;N;15;0;0;0;N;
AFV08;Cercado;02.05.2018;C6;P;N;15;0;0;0;N;
AFV08;Cercado;09.05.2018;C6;P;N;15;0;0;0;N;
AFV08;Cercado;16.05.2018;C6;P;N;15;0;0;0;N;
AFV17a;Casas;20.04.2018;C9;D;S;13.6;0;0;0;S;
AFV17a;Casas;24.04.2018;C9;D;S;13.6;0;0;0;N;
AFV08;Cercado;30.05.2018;C6;P;N;15;0;0;0;N;
AFV04;Estrada Excelsior;01.08.2018;C1;D;S;12;0;0;0;N;
AFV04;Estrada Excelsior;02.05.2018;C1;N;N;0;0;0;0;N;
AFV04;Estrada Excelsior;02.07.2018;C1;D;S;12;0;0;0;N;
AFV04;Estrada Excelsior;09.05.2018;C1;N;N;0;0;0;0;N;
AFV04;Estrada Excelsior;14.06.2018;C1;D;S;12;0;0;0;N;
AFV04;Estrada Excelsior;16.05.2018;C1;N;N;0;0;0;0;N;
AFV04;Estrada Excelsior;20.04.2018;C1;N;N;0;0;0;0;N;
AFV04;Estrada Excelsior;24.04.2018;C1;N;N;0;0;0;0;N;
AFV04;Estrada Excelsior;30.05.2018;C1;D;S;12;0;0;0;S;
AFV04;Estrada Excelsior;01.08.2018;C10;S;N;0;0;0;0;N;
AFV08;Cercado;14.06.2018;C6;P;N;15;0;0;0;N;
AFV08;Cercado;02.07.2018;C6;P;N;15;0;0;0;N;
AFV08;Cercado;01.08.2018;C6;P;N;15;0;0;0;N;
AFV08;Cercado;20.04.2018;C7;P;N;15;0;0;0;S;
AFV08;Cercado;24.04.2018;C7;P;N;15;0;0;0;N;
AFV08;Cercado;02.05.2018;C7;P;N;15;0;0;0;N;
AFV08;Cercado;09.05.2018;C7;P;N;15;0;0;0;N;
AFV08;Cercado;16.05.2018;C7;P;N;15;0;0;0;N;
AFV13;Centro de Visitantes;14.06.2018;C9;D;S;41.3;0;0;0;N;
AFV08;Cercado;30.05.2018;C7;P;N;15;0;0;0;N;
AFV08;Cercado;14.06.2018;C7;P;N;15;0;0;0;N;
AFV08;Cercado;14.06.2018;C2;S;N;16;0;0;0;N;
AFV08;Cercado;02.07.2018;C7;P;N;15;0;0;0;N;
AFV08;Cercado;01.08.2018;C7;P;N;15;0;0;0;N;
AFV08;Cercado;14.06.2018;C5;D;S;51;8.5;0;0;N;
AFV08;Cercado;24.04.2018;C8;P;N;21.3;0;0;0;S;
AFV08;Cercado;02.05.2018;C8;P;N;21.3;0;0;0;N;
AFV08;Cercado;09.05.2018;C8;P;N;21.3;0;0;0;N;
AFV08;Cercado;16.05.2018;C8;P;N;21.3;0;0;0;N;
AFV08;Cercado;30.05.2018;C8;P;N;21.3;0;0;0;N;
AFV03;Circuito Mylena;14.06.2018;C1;S;N;0;0;0;0;N;
AFV03;Circuito Mylena;14.06.2018;C2;S;N;0;0;0;0;N;
AFV03;Circuito Mylena;14.06.2018;C3;S;N;0;0;0;0;N;
AFV03;Circuito Mylena;14.06.2018;C4;D;S;22;0;0;0;N;
AFV03;Circuito Mylena;14.06.2018;C5;N;N;0;0;0;0;N;
AFV03;Circuito Mylena;14.06.2018;C6;S;N;0;0;0;0;N;
AFV03;Circuito Mylena;14.06.2018;C7;D;S;8;0;0;0;N;
AFV03;Circuito Mylena;14.06.2018;C8;S;N;0;0;0;0;N;
AFV03;Circuito Mylena;14.06.2018;C9;S;N;0;0;0;0;N;
AFV03;Circuito Mylena;14.06.2018;C10;D;S;12;0;0;0;N;
AFV04;Estrada Excelsior;02.05.2018;C10;N;N;0;0;0;0;N;
AFV04;Estrada Excelsior;02.07.2018;C10;S;N;0;0;0;0;N;
AFV04;Estrada Excelsior;09.05.2018;C10;N;N;0;0;0;0;N;
AFV04;Estrada Excelsior;14.06.2018;C10;S;N;0;0;0;0;N;
AFV04;Estrada Excelsior;16.05.2018;C10;S;N;0;0;0;0;S;
AFV04;Estrada Excelsior;20.04.2018;C10;N;N;0;0;0;0;N;
AFV04;Estrada Excelsior;24.04.2018;C10;N;N;0;0;0;0;N;
AFV04;Estrada Excelsior;30.05.2018;C10;S;N;0;0;0;0;N;
AFV04;Estrada Excelsior;01.08.2018;C2;D;S;21;0;0;0;N;
AFV04;Estrada Excelsior;02.05.2018;C2;N;N;0;0;0;0;N;
AFV08;Cercado;14.06.2018;C8;P;N;21.3;0;0;0;N;
AFV08;Cercado;02.07.2018;C8;P;N;21.3;0;0;0;N;
AFV08;Cercado;01.08.2018;C8;P;N;21.3;0;0;0;N;
AFV08;Cercado;20.04.2018;C9;P;N;15;0;0;0;S;Acabou a linha
AFV08;Cercado;24.04.2018;C9;P;N;15;0;0;0;N;
AFV08;Cercado;02.05.2018;C9;P;N;15;0;0;0;N;
AFV08;Cercado;09.05.2018;C9;P;N;15;0;0;0;N;
AFV08;Cercado;16.05.2018;C9;P;N;15;0;0;0;N;
AFV08;Cercado;30.05.2018;C9;P;N;15;0;0;0;N;
AFV08;Cercado;14.06.2018;C9;P;N;15;0;0;0;N;
AFV16a;Saida;14.06.2018;C1;S;N;0;0;0;0;N;
AFV16a;Saida;14.06.2018;C2;D;S;16;0;0;0;N;
AFV16a;Saida;14.06.2018;C3;S;N;0;0;0;0;N;
AFV16a;Saida;14.06.2018;C4;S;N;0;0;0;0;N;
AFV16a;Saida;14.06.2018;C5;S;N;0;0;0;0;N;
AFV16a;Saida;14.06.2018;C6;S;N;0;0;0;0;N;
AFV16a;Saida;14.06.2018;C7;S;N;0;0;0;0;N;
AFV08;Cercado;02.07.2018;C9;P;N;15;0;0;0;N;
AFV16a;Saida;14.06.2018;C9;S;N;0;0;0;0;N;
AFV16a;Saida;14.06.2018;C10;S;N;79;0;0;0;N;
AFV04;Estrada Excelsior;02.07.2018;C2;D;S;21;0;0;0;N;
AFV04;Estrada Excelsior;09.05.2018;C2;N;N;0;0;0;0;N;
AFV04;Estrada Excelsior;14.06.2018;C2;D;S;21;0;0;0;N;
AFV04;Estrada Excelsior;16.05.2018;C2;N;N;21;0;0;0;N;
AFV04;Estrada Excelsior;20.04.2018;C2;N;N;0;0;0;0;N;
AFV04;Estrada Excelsior;24.04.2018;C2;N;N;0;0;0;0;N;
AFV04;Estrada Excelsior;30.05.2018;C2;D;S;21;0;0;0;S;
AFV04;Estrada Excelsior;01.08.2018;C3;N;N;0;0;0;0;N;
AFV04;Estrada Excelsior;02.05.2018;C3;N;N;0;0;0;0;N;
AFV04;Estrada Excelsior;02.07.2018;C3;N;N;0;0;0;0;N;
AFV18;Escadaria Abaixo;14.06.2018;C1;N;N;0;0;0;0;N;
AFV18;Escadaria Abaixo;14.06.2018;C2;N;N;0;0;0;0;N;
AFV18;Escadaria Abaixo;14.06.2018;C3;N;N;0;0;0;0;N;
AFV18;Escadaria Abaixo;14.06.2018;C4;N;N;0;0;0;0;N;
AFV18;Escadaria Abaixo;14.06.2018;C5;N;N;0;0;0;0;N;
AFV18;Escadaria Abaixo;14.06.2018;C6;N;N;0;0;0;0;N;
AFV18;Escadaria Abaixo;14.06.2018;C7;N;N;0;0;0;0;N;
AFV18;Escadaria Abaixo;14.06.2018;C8;N;N;0;0;0;0;N;
AFV18;Escadaria Abaixo;14.06.2018;C9;N;N;0;0;0;0;N;
AFV18;Escadaria Abaixo;14.06.2018;C10;N;N;0;0;0;0;N;
AFV15;Cova da Onca;14.06.2018;C1;N;N;0;0;0;0;N;
AFV15;Cova da Onca;14.06.2018;C2;N;N;0;0;0;0;N;
AFV15;Cova da Onca;14.06.2018;C3;N;N;0;0;0;0;N;
AFV15;Cova da Onca;14.06.2018;C4;N;N;0;0;0;0;N;
AFV15;Cova da Onca;14.06.2018;C5;N;N;0;0;0;0;N;
AFV15;Cova da Onca;14.06.2018;C6;N;N;0;0;0;0;N;
AFV15;Cova da Onca;14.06.2018;C7;N;N;0;0;0;0;N;
AFV15;Cova da Onca;14.06.2018;C8;N;N;0;0;0;0;N;
AFV15;Cova da Onca;14.06.2018;C9;N;N;0;0;0;0;N;
AFV15;Cova da Onca;14.06.2018;C10;N;N;0;0;0;0;N;
AFV04;Estrada Excelsior;09.05.2018;C3;N;N;0;0;0;0;N;
AFV04;Estrada Excelsior;14.06.2018;C3;N;N;0;0;0;0;N;
AFV04;Estrada Excelsior;16.05.2018;C3;N;N;0;0;0;0;N;
AFV04;Estrada Excelsior;20.04.2018;C3;N;N;0;0;0;0;N;
AFV04;Estrada Excelsior;24.04.2018;C3;N;N;0;0;0;0;N;
AFV04;Estrada Excelsior;30.05.2018;C3;N;N;0;0;0;0;N;
AFV04;Estrada Excelsior;01.08.2018;C4;N;N;0;0;0;0;N;
AFV04;Estrada Excelsior;02.05.2018;C4;N;N;0;0;0;0;N;
AFV04;Estrada Excelsior;02.07.2018;C4;N;N;0;0;0;0;N;
AFV04;Estrada Excelsior;09.05.2018;C4;N;N;0;0;0;0;N;
AFV19;Cascatinha;14.06.2018;C1;N;N;0;0;0;0;N;
AFV19;Cascatinha;14.06.2018;C2;N;N;0;0;0;0;N;
AFV19;Cascatinha;14.06.2018;C3;N;N;0;0;0;0;N;
AFV19;Cascatinha;14.06.2018;C4;N;N;0;0;0;0;N;
AFV19;Cascatinha;14.06.2018;C5;N;N;0;0;0;0;N;
AFV19;Cascatinha;14.06.2018;C6;N;N;0;0;0;0;N;
AFV19;Cascatinha;14.06.2018;C7;N;N;0;0;0;0;N;
AFV19;Cascatinha;14.06.2018;C8;N;N;0;0;0;0;N;
AFV19;Cascatinha;14.06.2018;C9;N;N;0;0;0;0;N;
AFV19;Cascatinha;14.06.2018;C10;N;N;0;0;0;0;N;
AFV07;Lago das Fadas;02.07.2018;C1;S;N;0;0;0;0;N;
AFV07;Lago das Fadas;02.07.2018;C2;S;N;0;0;0;0;N;
AFV07;Lago das Fadas;02.07.2018;C3;S;N;0;0;0;0;N;
AFV08;Cercado;01.08.2018;C9;P;N;15;0;0;0;N;
AFV09;Cercado Acima;16.05.2018;C1;P;N;12;0;0;0;S;
AFV09;Cercado Acima;30.05.2018;C1;P;N;12;0;0;0;N;
AFV09;Cercado Acima;14.06.2018;C1;P;N;12;0;0;0;N;
AFV07;Lago das Fadas;02.07.2018;C8;S;N;0;0;0;0;N;
AFV07;Lago das Fadas;02.07.2018;C9;S;N;0;0;0;0;N;
AFV09;Cercado Acima;02.07.2018;C1;P;N;12;0;0;0;N;
AFV04;Estrada Excelsior;14.06.2018;C4;N;N;0;0;0;0;N;
AFV04;Estrada Excelsior;16.05.2018;C4;N;N;0;0;0;0;N;
AFV04;Estrada Excelsior;20.04.2018;C4;N;N;0;0;0;0;N;
AFV04;Estrada Excelsior;24.04.2018;C4;N;N;0;0;0;0;N;
AFV04;Estrada Excelsior;30.05.2018;C4;N;N;0;0;0;0;N;
AFV04;Estrada Excelsior;01.08.2018;C5;N;N;0;0;0;0;N;
AFV04;Estrada Excelsior;02.05.2018;C5;N;N;0;0;0;0;N;
AFV04;Estrada Excelsior;02.07.2018;C5;N;N;0;0;0;0;N;
AFV04;Estrada Excelsior;09.05.2018;C5;N;N;0;0;0;0;N;
AFV04;Estrada Excelsior;14.06.2018;C5;N;N;0;0;0;0;N;
AFV09;Cercado Acima;01.08.2018;C1;P;N;12;0;0;0;N;
AFV20;Grutas;02.07.2018;C2;S;N;0;0;0;0;N;
AFV09;Cercado Acima;16.05.2018;C10;P;N;12;0;0;0;S;
AFV09;Cercado Acima;30.05.2018;C10;P;N;12;0;0;0;N;
AFV09;Cercado Acima;14.06.2018;C10;P;N;12;0;0;0;N;
AFV09;Cercado Acima;02.07.2018;C10;P;N;12;0;0;0;N;
AFV20;Grutas;02.07.2018;C7;S;N;0;0;0;0;N;
AFV09;Cercado Acima;01.08.2018;C10;P;N;12;0;0;0;N;
AFV20;Grutas;02.07.2018;C9;S;N;0;0;0;0;N;
AFV09;Cercado Acima;30.05.2018;C2;P;N;13;0;0;0;S;
AFV06;Muro;02.07.2018;C1;N;N;0;0;0;0;N;
AFV06;Muro;02.07.2018;C2;N;N;0;0;0;0;N;
AFV06;Muro;02.07.2018;C3;N;N;0;0;0;0;N;
AFV06;Muro;02.07.2018;C4;N;N;0;0;0;0;N;
AFV09;Cercado Acima;14.06.2018;C2;P;N;13;0;0;0;N;
AFV09;Cercado Acima;02.07.2018;C2;P;N;13;0;0;0;N;
AFV06;Muro;02.07.2018;C7;N;N;0;0;0;0;N;
AFV06;Muro;02.07.2018;C8;N;N;0;0;0;0;N;
AFV09;Cercado Acima;01.08.2018;C2;P;N;13;0;0;0;N;
AFV09;Cercado Acima;30.05.2018;C3;P;N;19;0;0;0;S;
AFV04;Estrada Excelsior;16.05.2018;C5;N;N;0;0;0;0;N;
AFV04;Estrada Excelsior;20.04.2018;C5;N;N;0;0;0;0;N;
AFV04;Estrada Excelsior;24.04.2018;C5;N;N;0;0;0;0;N;
AFV04;Estrada Excelsior;30.05.2018;C5;N;N;0;0;0;0;N;
AFV04;Estrada Excelsior;01.08.2018;C6;N;N;0;0;0;0;N;
AFV04;Estrada Excelsior;02.05.2018;C6;N;N;0;0;0;0;N;
AFV04;Estrada Excelsior;02.07.2018;C6;N;N;0;0;0;0;N;
AFV04;Estrada Excelsior;09.05.2018;C6;N;N;0;0;0;0;N;
AFV04;Estrada Excelsior;14.06.2018;C6;N;N;0;0;0;0;N;
AFV04;Estrada Excelsior;16.05.2018;C6;N;N;0;0;0;0;N;
AFV09;Cercado Acima;14.06.2018;C3;P;N;19;0;0;0;N;
AFV09;Cercado Acima;02.07.2018;C3;P;N;19;0;0;0;N;
AFV09;Cercado Acima;01.08.2018;C3;P;N;19;0;0;0;N;
AFV09;Cercado Acima;16.05.2018;C4;P;N;19;0;0;0;S;
AFV09;Cercado Acima;30.05.2018;C4;P;N;19;0;0;0;N;
AFV09;Cercado Acima;14.06.2018;C4;P;N;19;0;0;0;N;
AFV10a;Banheira;02.07.2018;C7;N;N;0;0;0;0;N;
AFV10a;Banheira;02.07.2018;C8;S;N;0;0;0;0;N;
AFV10a;Banheira;02.07.2018;C9;N;N;0;0;0;0;N;
AFV10a;Banheira;02.07.2018;C10;S;N;0;0;0;0;S;
AFV04;Estrada Excelsior;20.04.2018;C6;N;N;0;0;0;0;N;
AFV04;Estrada Excelsior;24.04.2018;C6;N;N;0;0;0;0;N;
AFV04;Estrada Excelsior;30.05.2018;C6;N;N;0;0;0;0;N;
AFV04;Estrada Excelsior;01.08.2018;C7;N;N;0;0;0;0;N;
AFV04;Estrada Excelsior;02.05.2018;C7;N;N;0;0;0;0;N;
AFV04;Estrada Excelsior;02.07.2018;C7;N;N;0;0;0;0;N;
AFV04;Estrada Excelsior;09.05.2018;C7;N;N;0;0;0;0;N;
AFV04;Estrada Excelsior;14.06.2018;C7;N;N;0;0;0;0;N;
AFV04;Estrada Excelsior;16.05.2018;C7;N;N;0;0;0;0;N;
AFV04;Estrada Excelsior;20.04.2018;C7;N;N;0;0;0;0;N;
AFV04;Estrada Excelsior;24.04.2018;C7;N;N;0;0;0;0;N;
AFV04;Estrada Excelsior;30.05.2018;C7;N;N;0;0;0;0;N;
AFV04;Estrada Excelsior;01.08.2018;C8;S;N;0;0;0;0;N;
AFV04;Estrada Excelsior;02.05.2018;C8;D;S;21;0;0;0;N;
AFV04;Estrada Excelsior;02.07.2018;C8;S;N;0;0;0;0;N;
AFV04;Estrada Excelsior;09.05.2018;C8;D;S;21;0;0;0;N;
AFV04;Estrada Excelsior;14.06.2018;C8;S;N;0;0;0;0;N;
AFV04;Estrada Excelsior;16.05.2018;C8;D;S;21;0;0;0;N;
AFV04;Estrada Excelsior;20.04.2018;C8;N;N;0;0;0;0;N;
AFV04;Estrada Excelsior;24.04.2018;C8;D;S;21;0;0;0;S;
AFV09;Cercado Acima;02.07.2018;C4;P;N;19;0;0;0;N;
AFV09;Cercado Acima;01.08.2018;C4;P;N;19;0;0;0;N;
AFV09;Cercado Acima;16.05.2018;C5;P;N;9;0;0;0;S;
AFV09;Cercado Acima;30.05.2018;C5;P;N;9;0;0;0;N;
AFV09;Cercado Acima;14.06.2018;C5;P;N;9;0;0;0;N;
AFV09;Cercado Acima;02.07.2018;C5;P;N;9;0;0;0;N;
AFV09;Cercado Acima;01.08.2018;C5;P;N;9;0;0;0;N;
AFV09;Cercado Acima;30.05.2018;C6;P;N;7;0;0;0;S;
AFV13;Centro de Visitantes;02.07.2018;C9;D;S;41.3;0;0;0;N;
AFV09;Cercado Acima;14.06.2018;C6;P;N;7;0;0;0;N;
AFV09;Cercado Acima;02.07.2018;C6;P;N;7;0;0;0;N;
AFV08;Cercado;02.07.2018;C2;S;N;16;0;0;0;N;
AFV09;Cercado Acima;01.08.2018;C6;P;N;7;0;0;0;N;
AFV09;Cercado Acima;30.05.2018;C7;P;N;8;0;0;0;S;
AFV08;Cercado;02.07.2018;C5;D;S;51;8.5;0;0;N;
AFV09;Cercado Acima;14.06.2018;C7;P;N;8;0;0;0;N;
AFV09;Cercado Acima;02.07.2018;C7;P;N;8;0;0;0;N;
AFV09;Cercado Acima;01.08.2018;C7;P;N;8;0;0;0;N;
AFV09;Cercado Acima;16.05.2018;C8;P;N;11;0;0;0;S;
AFV09;Cercado Acima;30.05.2018;C8;P;N;11;0;0;0;N;
AFV03;Circuito Mylena;02.07.2018;C1;S;N;0;0;0;0;N;
AFV03;Circuito Mylena;02.07.2018;C2;S;N;0;0;0;0;N;
AFV03;Circuito Mylena;02.07.2018;C3;S;N;0;0;0;0;N;
AFV03;Circuito Mylena;02.07.2018;C4;D;S;22;0;0;0;N;
AFV03;Circuito Mylena;02.07.2018;C5;N;N;0;0;0;0;N;
AFV03;Circuito Mylena;02.07.2018;C6;S;N;0;0;0;0;N;
AFV03;Circuito Mylena;02.07.2018;C7;D;S;8;0;0;0;N;
AFV03;Circuito Mylena;02.07.2018;C8;S;N;0;0;0;0;N;
AFV03;Circuito Mylena;02.07.2018;C9;S;N;0;0;0;0;N;
AFV03;Circuito Mylena;02.07.2018;C10;D;S;12;0;0;0;N;
AFV04;Estrada Excelsior;30.05.2018;C8;S;N;0;0;0;0;S;
AFV04;Estrada Excelsior;01.08.2018;C9;S;N;0;0;0;0;N;
AFV04;Estrada Excelsior;02.05.2018;C9;N;N;0;0;0;0;N;
AFV04;Estrada Excelsior;02.07.2018;C9;S;N;0;0;0;0;N;
AFV04;Estrada Excelsior;09.05.2018;C9;N;N;0;0;0;0;N;
AFV04;Estrada Excelsior;14.06.2018;C9;S;N;0;0;0;0;N;
AFV04;Estrada Excelsior;16.05.2018;C9;N;N;0;0;0;0;N;
AFV04;Estrada Excelsior;20.04.2018;C9;N;N;0;0;0;0;N;
AFV04;Estrada Excelsior;24.04.2018;C9;N;N;0;0;0;0;N;
AFV04;Estrada Excelsior;30.05.2018;C9;S;N;0;0;0;0;S;
AFV09;Cercado Acima;14.06.2018;C8;P;N;11;0;0;0;N;
AFV09;Cercado Acima;02.07.2018;C8;P;N;11;0;0;0;N;
AFV09;Cercado Acima;01.08.2018;C8;P;N;11;0;0;0;N;
AFV09;Cercado Acima;30.05.2018;C9;P;N;8;0;0;0;S;
AFV09;Cercado Acima;14.06.2018;C9;P;N;8;0;0;0;N;
AFV09;Cercado Acima;02.07.2018;C9;P;N;8;0;0;0;N;
AFV09;Cercado Acima;01.08.2018;C9;P;N;8;0;0;0;N;
AFV20;Grutas;14.06.2018;C1;P;N;4;0;0;0;S;
AFV20;Grutas;02.07.2018;C1;P;N;4;0;0;0;N;
AFV20;Grutas;01.08.2018;C1;P;N;4;0;0;0;N;
AFV16a;Saida;02.07.2018;C1;S;N;0;0;0;0;N;
AFV16a;Saida;02.07.2018;C2;D;S;16;0;0;0;N;
AFV16a;Saida;02.07.2018;C3;S;N;0;0;0;0;N;
AFV16a;Saida;02.07.2018;C4;S;N;0;0;0;0;N;
AFV16a;Saida;02.07.2018;C5;S;N;0;0;0;0;N;
AFV16a;Saida;02.07.2018;C6;S;N;0;0;0;0;N;
AFV16a;Saida;02.07.2018;C7;S;N;0;0;0;0;N;
AFV20;Grutas;14.06.2018;C10;P;N;11;0;0;0;S;
AFV16a;Saida;02.07.2018;C9;S;N;0;0;0;0;N;
AFV16a;Saida;02.07.2018;C10;S;N;79;0;0;0;N;
AFV01;Restaurante Acima;01.08.2018;C1;N;N;0;0;0;0;N;
AFV01;Restaurante Acima;02.05.2018;C1;N;N;0;0;0;0;N;
AFV01;Restaurante Acima;02.07.2018;C1;N;N;0;0;0;0;N;
AFV01;Restaurante Acima;09.05.2018;C1;N;N;0;0;0;0;N;
AFV01;Restaurante Acima;14.06.2018;C1;N;N;0;0;0;0;N;
AFV01;Restaurante Acima;16.05.2018;C1;N;N;0;0;0;0;N;
AFV01;Restaurante Acima;20.04.2018;C1;N;N;0;0;0;0;N;
AFV01;Restaurante Acima;24.04.2018;C1;N;N;0;0;0;0;N;
AFV01;Restaurante Acima;30.05.2018;C1;N;N;0;0;0;0;N;
AFV01;Restaurante Acima;01.08.2018;C10;N;N;0;0;0;0;N;
AFV18;Escadaria Abaixo;02.07.2018;C1;N;N;0;0;0;0;N;
AFV18;Escadaria Abaixo;02.07.2018;C2;N;N;0;0;0;0;N;
AFV18;Escadaria Abaixo;02.07.2018;C3;N;N;0;0;0;0;N;
AFV18;Escadaria Abaixo;02.07.2018;C4;N;N;0;0;0;0;N;
AFV18;Escadaria Abaixo;02.07.2018;C5;N;N;0;0;0;0;N;
AFV18;Escadaria Abaixo;02.07.2018;C6;N;N;0;0;0;0;N;
AFV18;Escadaria Abaixo;02.07.2018;C7;N;N;0;0;0;0;N;
AFV18;Escadaria Abaixo;02.07.2018;C8;N;N;0;0;0;0;N;
AFV18;Escadaria Abaixo;02.07.2018;C9;N;N;0;0;0;0;N;
AFV18;Escadaria Abaixo;02.07.2018;C10;N;N;0;0;0;0;N;
AFV15;Cova da Onca;02.07.2018;C1;N;N;0;0;0;0;N;
AFV15;Cova da Onca;02.07.2018;C2;N;N;0;0;0;0;N;
AFV15;Cova da Onca;02.07.2018;C3;N;N;0;0;0;0;N;
AFV15;Cova da Onca;02.07.2018;C4;N;N;0;0;0;0;N;
AFV15;Cova da Onca;02.07.2018;C5;N;N;0;0;0;0;N;
AFV15;Cova da Onca;02.07.2018;C6;N;N;0;0;0;0;N;
AFV15;Cova da Onca;02.07.2018;C7;N;N;0;0;0;0;N;
AFV15;Cova da Onca;02.07.2018;C8;N;N;0;0;0;0;N;
AFV15;Cova da Onca;02.07.2018;C9;N;N;0;0;0;0;N;
AFV15;Cova da Onca;02.07.2018;C10;N;N;0;0;0;0;N;
AFV01;Restaurante Acima;02.05.2018;C10;N;N;0;0;0;0;N;
AFV01;Restaurante Acima;02.07.2018;C10;N;N;0;0;0;0;N;
AFV01;Restaurante Acima;09.05.2018;C10;N;N;0;0;0;0;N;
AFV01;Restaurante Acima;14.06.2018;C10;N;N;0;0;0;0;N;
AFV01;Restaurante Acima;16.05.2018;C10;N;N;0;0;0;0;N;
AFV01;Restaurante Acima;20.04.2018;C10;N;N;0;0;0;0;N;
AFV01;Restaurante Acima;24.04.2018;C10;N;N;0;0;0;0;N;
AFV01;Restaurante Acima;30.05.2018;C10;N;N;0;0;0;0;N;
AFV01;Restaurante Acima;01.08.2018;C2;D;S;8.7;0;0;0;N;
AFV01;Restaurante Acima;02.05.2018;C2;N;N;0;0;0;0;N;
AFV19;Cascatinha;02.07.2018;C1;N;N;0;0;0;0;N;
AFV19;Cascatinha;02.07.2018;C2;N;N;0;0;0;0;N;
AFV19;Cascatinha;02.07.2018;C3;N;N;0;0;0;0;N;
AFV19;Cascatinha;02.07.2018;C4;N;N;0;0;0;0;N;
AFV19;Cascatinha;02.07.2018;C5;N;N;0;0;0;0;N;
AFV19;Cascatinha;02.07.2018;C6;N;N;0;0;0;0;N;
AFV19;Cascatinha;02.07.2018;C7;N;N;0;0;0;0;N;
AFV19;Cascatinha;02.07.2018;C8;N;N;0;0;0;0;N;
AFV19;Cascatinha;02.07.2018;C9;N;N;0;0;0;0;N;
AFV19;Cascatinha;02.07.2018;C10;N;N;0;0;0;0;N;
AFV07;Lago das Fadas;01.08.2018;C1;S;N;0;0;0;0;N;
AFV07;Lago das Fadas;01.08.2018;C2;S;N;0;0;0;0;N;
AFV07;Lago das Fadas;01.08.2018;C3;S;N;0;0;0;0;N;
AFV20;Grutas;02.07.2018;C10;P;N;11;0;0;0;N;
AFV20;Grutas;01.08.2018;C10;P;N;11;0;0;0;N;
AFV20;Grutas;14.06.2018;C3;P;N;0;0;0;0;S;
AFV20;Grutas;02.07.2018;C3;P;N;0;0;0;0;N;
AFV07;Lago das Fadas;01.08.2018;C8;S;N;0;0;0;0;N;
AFV07;Lago das Fadas;01.08.2018;C9;S;N;0;0;0;0;N;
AFV20;Grutas;01.08.2018;C3;P;N;0;0;0;0;N;
AFV01;Restaurante Acima;02.07.2018;C2;D;S;8.7;0;0;0;N;
AFV01;Restaurante Acima;09.05.2018;C2;N;N;0;0;0;0;N;
AFV01;Restaurante Acima;14.06.2018;C2;D;S;8.7;0;0;0;S;
AFV01;Restaurante Acima;16.05.2018;C2;N;N;0;0;0;0;N;
AFV01;Restaurante Acima;20.04.2018;C2;N;N;0;0;0;0;N;
AFV01;Restaurante Acima;24.04.2018;C2;N;N;0;0;0;0;N;
AFV01;Restaurante Acima;30.05.2018;C2;N;N;0;0;0;0;N;
AFV01;Restaurante Acima;01.08.2018;C3;N;N;12;0;0;0;N;
AFV01;Restaurante Acima;02.05.2018;C3;N;N;0;0;0;0;N;
AFV01;Restaurante Acima;02.07.2018;C3;N;N;12;0;0;0;N;
AFV20;Grutas;14.06.2018;C4;P;N;7;0;0;0;S;
AFV20;Grutas;01.08.2018;C2;S;N;0;0;0;0;N;
AFV20;Grutas;02.07.2018;C4;P;N;7;0;0;0;N;
AFV20;Grutas;01.08.2018;C4;P;N;7;0;0;0;N;
AFV20;Grutas;14.06.2018;C5;P;N;0;0;0;0;S;
AFV20;Grutas;02.07.2018;C5;P;N;0;0;0;0;N;
AFV20;Grutas;01.08.2018;C7;S;N;0;0;0;0;N;
AFV20;Grutas;01.08.2018;C5;P;N;0;0;0;0;N;
AFV20;Grutas;01.08.2018;C9;S;N;0;0;0;0;N;
AFV20;Grutas;14.06.2018;C6;P;N;7;0;0;0;S;
AFV06;Muro;01.08.2018;C1;N;N;0;0;0;0;N;
AFV06;Muro;01.08.2018;C2;N;N;0;0;0;0;N;
AFV06;Muro;01.08.2018;C3;N;N;0;0;0;0;N;
AFV06;Muro;01.08.2018;C4;N;N;0;0;0;0;N;
AFV20;Grutas;02.07.2018;C6;P;N;7;0;0;0;N;
AFV20;Grutas;01.08.2018;C6;P;N;7;0;0;0;N;
AFV06;Muro;01.08.2018;C7;N;N;0;0;0;0;N;
AFV06;Muro;01.08.2018;C8;N;N;0;0;0;0;N;
AFV20;Grutas;14.06.2018;C8;P;N;0;0;0;0;S;
AFV20;Grutas;02.07.2018;C8;P;N;0;0;0;0;N;
AFV01;Restaurante Acima;09.05.2018;C3;N;N;0;0;0;0;N;
AFV01;Restaurante Acima;14.06.2018;C3;N;N;12;0;0;0;N;
AFV01;Restaurante Acima;16.05.2018;C3;N;N;0;0;0;0;N;
AFV01;Restaurante Acima;20.04.2018;C3;N;N;0;0;0;0;N;
AFV01;Restaurante Acima;24.04.2018;C3;N;N;0;0;0;0;N;
AFV01;Restaurante Acima;30.05.2018;C3;N;N;0;0;0;0;N;
AFV01;Restaurante Acima;01.08.2018;C4;N;N;8.7;0;0;0;N;
AFV01;Restaurante Acima;02.05.2018;C4;N;N;0;0;0;0;N;
AFV01;Restaurante Acima;02.07.2018;C4;N;N;8.7;0;0;0;N;
AFV01;Restaurante Acima;09.05.2018;C4;N;N;0;0;0;0;N;
AFV20;Grutas;01.08.2018;C8;P;N;0;0;0;0;N;
AFV07;Lago das Fadas;14.06.2018;C10;P;N;4;0;0;0;S;
AFV07;Lago das Fadas;02.07.2018;C10;P;N;4;0;0;0;N;
AFV07;Lago das Fadas;01.08.2018;C10;P;N;4;0;0;0;N;
AFV07;Lago das Fadas;14.06.2018;C4;P;N;6;0;0;0;S;
AFV07;Lago das Fadas;02.07.2018;C4;P;N;6;0;0;0;N;
AFV10a;Banheira;01.08.2018;C7;N;N;0;0;0;0;N;
AFV10a;Banheira;01.08.2018;C8;S;N;0;0;0;0;N;
AFV10a;Banheira;01.08.2018;C9;N;N;0;0;0;0;N;
AFV10a;Banheira;01.08.2018;C10;S;N;0;0;0;0;S;
AFV01;Restaurante Acima;14.06.2018;C4;N;N;8.7;0;0;0;N;
AFV01;Restaurante Acima;16.05.2018;C4;N;N;0;0;0;0;N;
AFV01;Restaurante Acima;20.04.2018;C4;N;N;0;0;0;0;N;
AFV01;Restaurante Acima;24.04.2018;C4;N;N;0;0;0;0;N;
AFV01;Restaurante Acima;30.05.2018;C4;N;N;0;0;0;0;N;
AFV01;Restaurante Acima;01.08.2018;C5;D;S;12;0;0;0;N;
AFV01;Restaurante Acima;02.05.2018;C5;N;N;0;0;0;0;N;
AFV01;Restaurante Acima;02.07.2018;C5;D;S;12;0;0;0;N;
AFV01;Restaurante Acima;09.05.2018;C5;N;N;0;0;0;0;N;
AFV01;Restaurante Acima;14.06.2018;C5;D;S;12;0;0;0;S;
AFV01;Restaurante Acima;16.05.2018;C5;N;N;0;0;0;0;N;
AFV01;Restaurante Acima;20.04.2018;C5;N;N;0;0;0;0;N;
AFV01;Restaurante Acima;24.04.2018;C5;N;N;0;0;0;0;N;
AFV01;Restaurante Acima;30.05.2018;C5;N;N;0;0;0;0;N;
AFV01;Restaurante Acima;01.08.2018;C6;S;N;8.7;0;0;0;N;
AFV01;Restaurante Acima;02.05.2018;C6;N;N;0;0;0;0;N;
AFV01;Restaurante Acima;02.07.2018;C6;S;N;8.7;0;0;0;N;
AFV01;Restaurante Acima;09.05.2018;C6;N;N;0;0;0;0;N;
AFV01;Restaurante Acima;14.06.2018;C6;S;N;8.7;0;0;0;S;
AFV01;Restaurante Acima;16.05.2018;C6;N;N;0;0;0;0;N;
AFV07;Lago das Fadas;01.08.2018;C4;P;N;6;0;0;0;N;
AFV07;Lago das Fadas;14.06.2018;C5;P;N;3;0;0;0;S;
AFV07;Lago das Fadas;02.07.2018;C5;P;N;3;0;0;0;N;
AFV07;Lago das Fadas;01.08.2018;C5;P;N;3;0;0;0;N;
AFV07;Lago das Fadas;14.06.2018;C6;P;N;0;0;0;0;S;
AFV07;Lago das Fadas;02.07.2018;C6;P;N;0;0;0;0;N;
AFV07;Lago das Fadas;01.08.2018;C6;P;N;0;0;0;0;N;
AFV07;Lago das Fadas;14.06.2018;C7;P;N;7;0;0;0;S;
AFV13;Centro de Visitantes;01.08.2018;C9;D;S;41.3;0;0;0;N;
AFV07;Lago das Fadas;02.07.2018;C7;P;N;7;0;0;0;N;
AFV07;Lago das Fadas;01.08.2018;C7;P;N;7;0;0;0;N;
AFV08;Cercado;01.08.2018;C2;S;N;16;0;0;0;N;
AFV06;Muro;02.07.2018;C10;P;N;0;0;0;0;S;
AFV06;Muro;01.08.2018;C10;P;N;0;0;0;0;N;
AFV08;Cercado;01.08.2018;C5;D;S;51;8.5;0;0;N;
AFV06;Muro;30.05.2018;C5;P;N;0;0;0;0;S;
AFV06;Muro;14.06.2018;C5;P;N;0;0;0;0;N;
AFV06;Muro;02.07.2018;C5;P;N;0;0;0;0;N;
AFV06;Muro;01.08.2018;C5;P;N;0;0;0;0;N;
AFV06;Muro;30.05.2018;C6;P;N;9;0;0;0;S;
AFV03;Circuito Mylena;01.08.2018;C1;S;N;0;0;0;0;N;
AFV03;Circuito Mylena;01.08.2018;C2;S;N;0;0;0;0;N;
AFV03;Circuito Mylena;01.08.2018;C3;S;N;0;0;0;0;N;
AFV03;Circuito Mylena;01.08.2018;C4;D;S;22;0;0;0;N;
AFV03;Circuito Mylena;01.08.2018;C5;N;N;0;0;0;0;N;
AFV03;Circuito Mylena;01.08.2018;C6;S;N;0;0;0;0;N;
AFV03;Circuito Mylena;01.08.2018;C7;D;S;8;0;0;0;N;
AFV03;Circuito Mylena;01.08.2018;C8;S;N;0;0;0;0;N;
AFV03;Circuito Mylena;01.08.2018;C9;S;N;0;0;0;0;N;
AFV03;Circuito Mylena;01.08.2018;C10;D;S;12;0;0;0;N;
AFV01;Restaurante Acima;20.04.2018;C6;N;N;0;0;0;0;N;
AFV01;Restaurante Acima;24.04.2018;C6;N;N;0;0;0;0;N;
AFV01;Restaurante Acima;30.05.2018;C6;N;N;0;0;0;0;N;
AFV01;Restaurante Acima;01.08.2018;C7;N;N;12;0;0;0;N;
AFV01;Restaurante Acima;02.05.2018;C7;N;N;0;0;0;0;N;
AFV01;Restaurante Acima;02.07.2018;C7;N;N;12;0;0;0;N;
AFV01;Restaurante Acima;09.05.2018;C7;N;N;0;0;0;0;N;
AFV01;Restaurante Acima;14.06.2018;C7;N;N;12;0;0;0;N;
AFV01;Restaurante Acima;16.05.2018;C7;N;N;0;0;0;0;N;
AFV01;Restaurante Acima;20.04.2018;C7;N;N;0;0;0;0;N;
AFV06;Muro;14.06.2018;C6;P;N;9;0;0;0;N;
AFV06;Muro;02.07.2018;C6;P;N;9;0;0;0;N;
AFV06;Muro;01.08.2018;C6;P;N;9;0;0;0;N;
AFV06;Muro;02.07.2018;C9;P;N;11;0;0;0;S;
AFV06;Muro;01.08.2018;C9;P;N;11;0;0;0;N;
AFV16a;Saida;01.08.2018;C2;P;S;16;0;0;0;S;
AFV16a;Saida;09.05.2018;C8;P;N;23;0;0;0;S;
AFV16a;Saida;16.05.2018;C8;P;N;23;0;0;0;N;
AFV16a;Saida;30.05.2018;C8;P;N;23;0;0;0;N;
AFV16a;Saida;14.06.2018;C8;P;N;23;0;0;0;N;
AFV16a;Saida;01.08.2018;C1;S;N;0;0;0;0;N;
AFV16a;Saida;02.07.2018;C8;P;N;23;0;0;0;N;
AFV16a;Saida;01.08.2018;C3;S;N;0;0;0;0;N;
AFV16a;Saida;01.08.2018;C4;S;N;0;0;0;0;N;
AFV16a;Saida;01.08.2018;C5;S;N;0;0;0;0;N;
AFV16a;Saida;01.08.2018;C6;S;N;0;0;0;0;N;
AFV16a;Saida;01.08.2018;C7;S;N;0;0;0;0;N;
AFV16a;Saida;01.08.2018;C8;P;N;23;0;0;0;N;
AFV16a;Saida;01.08.2018;C9;S;N;0;0;0;0;N;
AFV16a;Saida;01.08.2018;C10;S;N;79;0;0;0;N;
AFV01;Restaurante Acima;24.04.2018;C7;N;N;0;0;0;0;N;
AFV01;Restaurante Acima;30.05.2018;C7;N;N;0;0;0;0;N;
AFV01;Restaurante Acima;01.08.2018;C8;N;N;0;0;0;0;N;
AFV01;Restaurante Acima;02.05.2018;C8;N;N;0;0;0;0;N;
AFV01;Restaurante Acima;02.07.2018;C8;N;N;0;0;0;0;N;
AFV01;Restaurante Acima;09.05.2018;C8;N;N;0;0;0;0;N;
AFV01;Restaurante Acima;14.06.2018;C8;N;N;0;0;0;0;N;
AFV01;Restaurante Acima;16.05.2018;C8;N;N;0;0;0;0;N;
AFV01;Restaurante Acima;20.04.2018;C8;N;N;0;0;0;0;N;
AFV01;Restaurante Acima;24.04.2018;C8;N;N;0;0;0;0;N;
AFV18;Escadaria Abaixo;01.08.2018;C1;N;N;0;0;0;0;N;
AFV18;Escadaria Abaixo;01.08.2018;C2;N;N;0;0;0;0;N;
AFV18;Escadaria Abaixo;01.08.2018;C3;N;N;0;0;0;0;N;
AFV18;Escadaria Abaixo;01.08.2018;C4;N;N;0;0;0;0;N;
AFV18;Escadaria Abaixo;01.08.2018;C5;N;N;0;0;0;0;N;
AFV18;Escadaria Abaixo;01.08.2018;C6;N;N;0;0;0;0;N;
AFV18;Escadaria Abaixo;01.08.2018;C7;N;N;0;0;0;0;N;
AFV18;Escadaria Abaixo;01.08.2018;C8;N;N;0;0;0;0;N;
AFV18;Escadaria Abaixo;01.08.2018;C9;N;N;0;0;0;0;N;
AFV18;Escadaria Abaixo;01.08.2018;C10;N;N;0;0;0;0;N;
AFV15;Cova da Onca;01.08.2018;C1;N;N;0;0;0;0;N;
AFV15;Cova da Onca;01.08.2018;C2;N;N;0;0;0;0;N;
AFV15;Cova da Onca;01.08.2018;C3;N;N;0;0;0;0;N;
AFV15;Cova da Onca;01.08.2018;C4;N;N;0;0;0;0;N;
AFV15;Cova da Onca;01.08.2018;C5;N;N;0;0;0;0;N;
AFV15;Cova da Onca;01.08.2018;C6;N;N;0;0;0;0;N;
AFV15;Cova da Onca;01.08.2018;C7;N;N;0;0;0;0;N;
AFV15;Cova da Onca;01.08.2018;C8;N;N;0;0;0;0;N;
AFV15;Cova da Onca;01.08.2018;C9;N;N;0;0;0;0;N;
AFV15;Cova da Onca;01.08.2018;C10;N;N;0;0;0;0;N;
AFV01;Restaurante Acima;30.05.2018;C8;N;N;0;0;0;0;N;
AFV01;Restaurante Acima;01.08.2018;C9;S;N;0;0;0;0;N;
AFV01;Restaurante Acima;02.05.2018;C9;N;N;0;0;0;0;N;
AFV01;Restaurante Acima;02.07.2018;C9;S;N;0;0;0;0;N;
AFV01;Restaurante Acima;09.05.2018;C9;D;S;17;0;0;0;S;
AFV01;Restaurante Acima;14.06.2018;C9;S;N;0;0;0;0;S;
AFV01;Restaurante Acima;16.05.2018;C9;D;N;17;0;0;0;N;
AFV01;Restaurante Acima;20.04.2018;C9;N;N;0;0;0;0;N;
AFV01;Restaurante Acima;24.04.2018;C9;N;N;0;0;0;0;N;
AFV01;Restaurante Acima;30.05.2018;C9;D;N;17;0;0;0;N;
AFV19;Cascatinha;01.08.2018;C1;N;N;0;0;0;0;N;
AFV19;Cascatinha;01.08.2018;C2;N;N;0;0;0;0;N;
AFV19;Cascatinha;01.08.2018;C3;N;N;0;0;0;0;N;
AFV19;Cascatinha;01.08.2018;C4;N;N;0;0;0;0;N;
AFV19;Cascatinha;01.08.2018;C5;N;N;0;0;0;0;N;
AFV19;Cascatinha;01.08.2018;C6;N;N;0;0;0;0;N;
AFV19;Cascatinha;01.08.2018;C7;N;N;0;0;0;0;N;
AFV19;Cascatinha;01.08.2018;C8;N;N;0;0;0;0;N;
AFV19;Cascatinha;01.08.2018;C9;N;N;0;0;0;0;N;
AFV19;Cascatinha;01.08.2018;C10;N;N;0;0;0;0;N;
