Pontos;Nome;Data;Semente;Destino;Enterrada;Distancia;D2;D3;D4;Mudanca
AFV01;Restaurante Acima;01.06.2017;C1;N;N;0;0;0;0;N
AFV01;Restaurante Acima;05.05.2017;C1;N;N;0;0;0;0;N
AFV01;Restaurante Acima;07.05.2017;C1;N;N;0;0;0;0;N
AFV01;Restaurante Acima;11.05.2017;C1;N;N;0;0;0;0;N
AFV01;Restaurante Acima;13.07.2017;C1;N;N;0;0;0;0;N
AFV01;Restaurante Acima;15.06.2017;C1;N;N;0;0;0;0;N
AFV01;Restaurante Acima;15.08.2017;C1;N;N;0;0;0;0;N
AFV01;Restaurante Acima;18.05.2017;C1;N;N;0;0;0;0;N
AFV01;Restaurante Acima;25.05.2017;C1;N;N;0;0;0;0;N
AFV01;Restaurante Acima;29.06.2017;C1;N;N;0;0;0;0;N
AFV01;Restaurante Acima;01.06.2017;C10;N;N;0;0;0;0;N
AFV01;Restaurante Acima;05.05.2017;C10;N;N;0;0;0;0;N
AFV01;Restaurante Acima;07.05.2017;C10;N;N;0;0;0;0;N
AFV01;Restaurante Acima;11.05.2017;C10;N;N;0;0;0;0;N
AFV01;Restaurante Acima;13.07.2017;C10;N;N;0;0;0;0;N
AFV01;Restaurante Acima;15.06.2017;C10;N;N;0;0;0;0;N
AFV01;Restaurante Acima;15.08.2017;C10;N;N;0;0;0;0;N
AFV01;Restaurante Acima;18.05.2017;C10;N;N;0;0;0;0;N
AFV01;Restaurante Acima;25.05.2017;C10;N;N;0;0;0;0;N
AFV01;Restaurante Acima;29.06.2017;C10;N;N;0;0;0;0;N
AFV01;Restaurante Acima;01.06.2017;C2;N;N;0;0;0;0;N
AFV01;Restaurante Acima;05.05.2017;C2;N;N;0;0;0;0;N
AFV01;Restaurante Acima;07.05.2017;C2;N;N;0;0;0;0;N
AFV01;Restaurante Acima;11.05.2017;C2;N;N;0;0;0;0;N
AFV01;Restaurante Acima;13.07.2017;C2;N;N;0;0;0;0;N
AFV01;Restaurante Acima;15.06.2017;C2;N;N;0;0;0;0;N
AFV01;Restaurante Acima;15.08.2017;C2;N;N;0;0;0;0;N
AFV01;Restaurante Acima;18.05.2017;C2;N;N;0;0;0;0;N
AFV01;Restaurante Acima;25.05.2017;C2;N;N;0;0;0;0;N
AFV01;Restaurante Acima;29.06.2017;C2;N;N;0;0;0;0;N
AFV01;Restaurante Acima;01.06.2017;C3;N;N;0;0;0;0;N
AFV01;Restaurante Acima;05.05.2017;C3;N;N;0;0;0;0;N
AFV01;Restaurante Acima;07.05.2017;C3;N;N;0;0;0;0;N
AFV01;Restaurante Acima;11.05.2017;C3;N;N;0;0;0;0;N
AFV01;Restaurante Acima;13.07.2017;C3;N;N;0;0;0;0;N
AFV01;Restaurante Acima;15.06.2017;C3;N;N;0;0;0;0;N
AFV01;Restaurante Acima;15.08.2017;C3;N;N;0;0;0;0;N
AFV01;Restaurante Acima;18.05.2017;C3;N;N;0;0;0;0;N
AFV01;Restaurante Acima;25.05.2017;C3;N;N;0;0;0;0;N
AFV01;Restaurante Acima;29.06.2017;C3;N;N;0;0;0;0;N
AFV01;Restaurante Acima;01.06.2017;C4;N;N;0;0;0;0;N
AFV01;Restaurante Acima;05.05.2017;C4;N;N;0;0;0;0;N
AFV01;Restaurante Acima;07.05.2017;C4;N;N;0;0;0;0;N
AFV01;Restaurante Acima;11.05.2017;C4;N;N;0;0;0;0;N
AFV01;Restaurante Acima;13.07.2017;C4;N;N;0;0;0;0;N
AFV01;Restaurante Acima;15.06.2017;C4;N;N;0;0;0;0;N
AFV01;Restaurante Acima;15.08.2017;C4;N;N;0;0;0;0;N
AFV01;Restaurante Acima;18.05.2017;C4;N;N;0;0;0;0;N
AFV01;Restaurante Acima;25.05.2017;C4;N;N;0;0;0;0;N
AFV01;Restaurante Acima;29.06.2017;C4;N;N;0;0;0;0;N
AFV01;Restaurante Acima;01.06.2017;C5;N;N;0;0;0;0;N
AFV01;Restaurante Acima;05.05.2017;C5;N;N;0;0;0;0;N
AFV01;Restaurante Acima;07.05.2017;C5;N;N;0;0;0;0;N
AFV01;Restaurante Acima;11.05.2017;C5;N;N;0;0;0;0;N
AFV01;Restaurante Acima;13.07.2017;C5;D;N;25.8;0;0;0;S
AFV01;Restaurante Acima;15.06.2017;C5;N;N;0;0;0;0;N
AFV01;Restaurante Acima;15.08.2017;C5;D;N;15.7;0;0;0;S
AFV01;Restaurante Acima;18.05.2017;C5;N;N;0;0;0;0;N
AFV01;Restaurante Acima;25.05.2017;C5;N;N;0;0;0;0;N
AFV01;Restaurante Acima;29.06.2017;C5;N;N;0;0;0;0;N
AFV01;Restaurante Acima;01.06.2017;C6;N;N;0;0;0;0;N
AFV01;Restaurante Acima;05.05.2017;C6;N;N;0;0;0;0;N
AFV01;Restaurante Acima;07.05.2017;C6;N;N;0;0;0;0;N
AFV01;Restaurante Acima;11.05.2017;C6;N;N;0;0;0;0;N
AFV01;Restaurante Acima;13.07.2017;C6;N;N;0;0;0;0;N
AFV01;Restaurante Acima;15.06.2017;C6;N;N;0;0;0;0;N
AFV01;Restaurante Acima;15.08.2017;C6;N;N;0;0;0;0;N
AFV01;Restaurante Acima;18.05.2017;C6;N;N;0;0;0;0;N
AFV01;Restaurante Acima;25.05.2017;C6;N;N;0;0;0;0;N
AFV01;Restaurante Acima;29.06.2017;C6;N;N;0;0;0;0;N
AFV01;Restaurante Acima;01.06.2017;C7;N;N;0;0;0;0;N
AFV01;Restaurante Acima;11.05.2017;C7;N;N;0;0;0;0;N
AFV01;Restaurante Acima;13.07.2017;C7;N;N;0;0;0;0;N
AFV01;Restaurante Acima;15.06.2017;C7;N;N;0;0;0;0;N
AFV01;Restaurante Acima;15.08.2017;C7;N;N;0;0;0;0;N
AFV01;Restaurante Acima;18.05.2017;C7;N;N;0;0;0;0;N
AFV01;Restaurante Acima;25.05.2017;C7;N;N;0;0;0;0;N
AFV01;Restaurante Acima;29.06.2017;C7;N;N;0;0;0;0;N
AFV01;Restaurante Acima;01.06.2017;C8;N;N;0;0;0;0;N
AFV01;Restaurante Acima;05.05.2017;C8;N;N;0;0;0;0;N
AFV01;Restaurante Acima;07.05.2017;C8;N;N;0;0;0;0;N
AFV01;Restaurante Acima;11.05.2017;C8;N;N;0;0;0;0;N
AFV01;Restaurante Acima;13.07.2017;C8;N;N;0;0;0;0;N
AFV01;Restaurante Acima;15.06.2017;C8;N;N;0;0;0;0;N
AFV01;Restaurante Acima;15.08.2017;C8;N;N;0;0;0;0;N
AFV01;Restaurante Acima;18.05.2017;C8;N;N;0;0;0;0;N
AFV01;Restaurante Acima;25.05.2017;C8;N;N;0;0;0;0;N
AFV01;Restaurante Acima;29.06.2017;C8;N;N;0;0;0;0;N
AFV01;Restaurante Acima;01.06.2017;C9;N;N;0;0;0;0;N
AFV01;Restaurante Acima;05.05.2017;C9;N;N;0;0;0;0;N
AFV01;Restaurante Acima;07.05.2017;C9;N;N;0;0;0;0;N
AFV01;Restaurante Acima;11.05.2017;C9;N;N;0;0;0;0;N
AFV01;Restaurante Acima;13.07.2017;C9;N;N;0;0;0;0;N
AFV01;Restaurante Acima;15.06.2017;C9;N;N;0;0;0;0;N
AFV01;Restaurante Acima;15.08.2017;C9;N;N;0;0;0;0;N
AFV01;Restaurante Acima;18.05.2017;C9;N;N;0;0;0;0;N
AFV01;Restaurante Acima;25.05.2017;C9;N;N;0;0;0;0;N
AFV01;Restaurante Acima;29.06.2017;C9;N;N;0;0;0;0;N
AFV02;Restaurante Abaixo;01.06.2017;C1;N;N;0;0;0;0;N
AFV02;Restaurante Abaixo;05.05.2017;C1;N;N;0;0;0;0;N
AFV02;Restaurante Abaixo;07.05.2017;C1;N;N;0;0;0;0;N
AFV02;Restaurante Abaixo;11.05.2017;C1;N;N;0;0;0;0;N
AFV02;Restaurante Abaixo;13.07.2017;C1;N;N;0;0;0;0;N
AFV02;Restaurante Abaixo;15.06.2017;C1;N;N;0;0;0;0;N
AFV02;Restaurante Abaixo;15.08.2017;C1;P;N;3.4;0;0;0;N
AFV02;Restaurante Abaixo;18.05.2017;C1;N;N;0;0;0;0;N
AFV02;Restaurante Abaixo;25.05.2017;C1;N;N;0;0;0;0;N
AFV02;Restaurante Abaixo;29.06.2017;C1;N;N;0;0;0;0;N
AFV02;Restaurante Abaixo;01.06.2017;C10;N;N;0;0;0;0;N
AFV02;Restaurante Abaixo;05.05.2017;C10;N;N;0;0;0;0;N
AFV02;Restaurante Abaixo;07.05.2017;C10;N;N;0;0;0;0;N
AFV02;Restaurante Abaixo;11.05.2017;C10;N;N;0;0;0;0;N
AFV02;Restaurante Abaixo;13.07.2017;C10;N;N;0;0;0;0;N
AFV02;Restaurante Abaixo;15.06.2017;C10;N;N;0;0;0;0;N
AFV02;Restaurante Abaixo;15.08.2017;C10;N;N;0;0;0;0;N
AFV02;Restaurante Abaixo;18.05.2017;C10;N;N;0;0;0;0;N
AFV02;Restaurante Abaixo;25.05.2017;C10;N;N;0;0;0;0;N
AFV02;Restaurante Abaixo;29.06.2017;C10;N;N;0;0;0;0;N
AFV02;Restaurante Abaixo;01.06.2017;C2;N;N;0;0;0;0;N
AFV02;Restaurante Abaixo;05.05.2017;C2;N;N;0;0;0;0;N
AFV02;Restaurante Abaixo;07.05.2017;C2;N;N;0;0;0;0;N
AFV02;Restaurante Abaixo;11.05.2017;C2;N;N;0;0;0;0;N
AFV02;Restaurante Abaixo;13.07.2017;C2;N;N;0;0;0;0;N
AFV02;Restaurante Abaixo;15.06.2017;C2;N;N;0;0;0;0;N
AFV02;Restaurante Abaixo;15.08.2017;C2;P;N;17.1;0;0;0;N
AFV02;Restaurante Abaixo;18.05.2017;C2;N;N;0;0;0;0;N
AFV02;Restaurante Abaixo;25.05.2017;C2;N;N;0;0;0;0;N
AFV02;Restaurante Abaixo;29.06.2017;C2;N;N;0;0;0;0;N
AFV02;Restaurante Abaixo;01.06.2017;C3;N;N;0;0;0;0;N
AFV02;Restaurante Abaixo;05.05.2017;C3;N;N;0;0;0;0;N
AFV02;Restaurante Abaixo;07.05.2017;C3;N;N;0;0;0;0;N
AFV02;Restaurante Abaixo;11.05.2017;C3;N;N;0;0;0;0;N
AFV02;Restaurante Abaixo;13.07.2017;C3;N;N;0;0;0;0;N
AFV02;Restaurante Abaixo;15.06.2017;C3;N;N;0;0;0;0;N
AFV02;Restaurante Abaixo;15.08.2017;C3;N;N;0;0;0;0;N
AFV02;Restaurante Abaixo;18.05.2017;C3;N;N;0;0;0;0;N
AFV02;Restaurante Abaixo;25.05.2017;C3;N;N;0;0;0;0;N
AFV02;Restaurante Abaixo;29.06.2017;C3;N;N;0;0;0;0;N
AFV02;Restaurante Abaixo;01.06.2017;C4;N;N;0;0;0;0;N
AFV02;Restaurante Abaixo;05.05.2017;C4;N;N;0;0;0;0;N
AFV02;Restaurante Abaixo;07.05.2017;C4;N;N;0;0;0;0;N
AFV02;Restaurante Abaixo;11.05.2017;C4;N;N;0;0;0;0;N
AFV02;Restaurante Abaixo;13.07.2017;C4;N;N;0;0;0;0;N
AFV02;Restaurante Abaixo;15.06.2017;C4;N;N;0;0;0;0;N
AFV02;Restaurante Abaixo;15.08.2017;C4;N;N;0;0;0;0;N
AFV02;Restaurante Abaixo;18.05.2017;C4;N;N;0;0;0;0;N
AFV02;Restaurante Abaixo;25.05.2017;C4;N;N;0;0;0;0;N
AFV02;Restaurante Abaixo;29.06.2017;C4;N;N;0;0;0;0;N
AFV02;Restaurante Abaixo;01.06.2017;C5;N;N;0;0;0;0;N
AFV02;Restaurante Abaixo;05.05.2017;C5;N;N;0;0;0;0;N
AFV02;Restaurante Abaixo;07.05.2017;C5;N;N;0;0;0;0;N
AFV02;Restaurante Abaixo;11.05.2017;C5;N;N;0;0;0;0;N
AFV02;Restaurante Abaixo;13.07.2017;C5;N;N;0;0;0;0;N
AFV02;Restaurante Abaixo;15.06.2017;C5;N;N;0;0;0;0;N
AFV02;Restaurante Abaixo;15.08.2017;C5;N;N;0;0;0;0;N
AFV02;Restaurante Abaixo;18.05.2017;C5;N;N;0;0;0;0;N
AFV02;Restaurante Abaixo;25.05.2017;C5;N;N;0;0;0;0;N
AFV02;Restaurante Abaixo;29.06.2017;C5;N;N;0;0;0;0;N
AFV02;Restaurante Abaixo;01.06.2017;C6;N;N;0;0;0;0;N
AFV02;Restaurante Abaixo;05.05.2017;C6;N;N;0;0;0;0;N
AFV02;Restaurante Abaixo;07.05.2017;C6;N;N;0;0;0;0;N
AFV02;Restaurante Abaixo;11.05.2017;C6;N;N;0;0;0;0;N
AFV02;Restaurante Abaixo;13.07.2017;C6;N;N;0;0;0;0;N
AFV02;Restaurante Abaixo;15.06.2017;C6;N;N;0;0;0;0;N
AFV02;Restaurante Abaixo;15.08.2017;C6;N;N;0;0;0;0;N
AFV02;Restaurante Abaixo;18.05.2017;C6;N;N;0;0;0;0;N
AFV02;Restaurante Abaixo;25.05.2017;C6;N;N;0;0;0;0;N
AFV02;Restaurante Abaixo;29.06.2017;C6;N;N;0;0;0;0;N
AFV02;Restaurante Abaixo;01.06.2017;C7;N;N;0;0;0;0;N
AFV02;Restaurante Abaixo;05.05.2017;C7;N;N;0;0;0;0;N
AFV02;Restaurante Abaixo;07.05.2017;C7;N;N;0;0;0;0;N
AFV02;Restaurante Abaixo;11.05.2017;C7;N;N;0;0;0;0;N
AFV02;Restaurante Abaixo;13.07.2017;C7;N;N;0;0;0;0;N
AFV02;Restaurante Abaixo;15.06.2017;C7;N;N;0;0;0;0;N
AFV02;Restaurante Abaixo;15.08.2017;C7;N;N;0;0;0;0;N
AFV02;Restaurante Abaixo;18.05.2017;C7;N;N;0;0;0;0;N
AFV02;Restaurante Abaixo;25.05.2017;C7;N;N;0;0;0;0;N
AFV02;Restaurante Abaixo;29.06.2017;C7;N;N;0;0;0;0;N
AFV02;Restaurante Abaixo;01.06.2017;C8;N;N;0;0;0;0;N
AFV02;Restaurante Abaixo;05.05.2017;C8;N;N;0;0;0;0;N
AFV02;Restaurante Abaixo;07.05.2017;C8;N;N;0;0;0;0;N
AFV02;Restaurante Abaixo;11.05.2017;C8;N;N;0;0;0;0;N
AFV02;Restaurante Abaixo;13.07.2017;C8;N;N;0;0;0;0;N
AFV02;Restaurante Abaixo;15.06.2017;C8;N;N;0;0;0;0;N
AFV02;Restaurante Abaixo;15.08.2017;C8;N;N;0;0;0;0;N
AFV02;Restaurante Abaixo;18.05.2017;C8;N;N;0;0;0;0;N
AFV02;Restaurante Abaixo;25.05.2017;C8;N;N;0;0;0;0;N
AFV02;Restaurante Abaixo;29.06.2017;C8;N;N;0;0;0;0;N
AFV02;Restaurante Abaixo;01.06.2017;C9;N;N;0;0;0;0;N
AFV02;Restaurante Abaixo;05.05.2017;C9;N;N;0;0;0;0;N
AFV02;Restaurante Abaixo;07.05.2017;C9;N;N;0;0;0;0;N
AFV02;Restaurante Abaixo;11.05.2017;C9;N;N;0;0;0;0;N
AFV02;Restaurante Abaixo;13.07.2017;C9;N;N;0;0;0;0;N
AFV02;Restaurante Abaixo;15.06.2017;C9;N;N;0;0;0;0;N
AFV02;Restaurante Abaixo;15.08.2017;C9;N;N;0;0;0;0;N
AFV02;Restaurante Abaixo;18.05.2017;C9;N;N;0;0;0;0;N
AFV02;Restaurante Abaixo;25.05.2017;C9;N;N;0;0;0;0;N
AFV02;Restaurante Abaixo;29.06.2017;C9;N;N;0;0;0;0;N
AFV03;Circuito Mylena;01.06.2017;C1;N;N;0;0;0;0;N
AFV03;Circuito Mylena;05.05.2017;C1;N;N;0;0;0;0;N
AFV03;Circuito Mylena;07.05.2017;C1;N;N;0;0;0;0;N
AFV03;Circuito Mylena;11.05.2017;C1;N;N;0;0;0;0;N
AFV03;Circuito Mylena;13.07.2017;C1;N;N;0;0;0;0;N
AFV03;Circuito Mylena;15.06.2017;C1;N;N;0;0;0;0;N
AFV03;Circuito Mylena;15.08.2017;C1;N;N;0;0;0;0;N
AFV03;Circuito Mylena;18.05.2017;C1;N;N;0;0;0;0;N
AFV03;Circuito Mylena;25.05.2017;C1;N;N;0;0;0;0;N
AFV03;Circuito Mylena;29.06.2017;C1;N;N;0;0;0;0;N
AFV03;Circuito Mylena;01.06.2017;C10;N;N;0;0;0;0;N
AFV03;Circuito Mylena;05.05.2017;C10;N;N;0;0;0;0;N
AFV03;Circuito Mylena;07.05.2017;C10;N;N;0;0;0;0;N
AFV03;Circuito Mylena;11.05.2017;C10;N;N;0;0;0;0;N
AFV03;Circuito Mylena;13.07.2017;C10;N;N;0;0;0;0;N
AFV03;Circuito Mylena;15.06.2017;C10;N;N;0;0;0;0;N
AFV03;Circuito Mylena;15.08.2017;C10;N;N;0;0;0;0;N
AFV03;Circuito Mylena;18.05.2017;C10;N;N;0;0;0;0;N
AFV03;Circuito Mylena;25.05.2017;C10;N;N;0;0;0;0;N
AFV03;Circuito Mylena;29.06.2017;C10;N;N;0;0;0;0;N
AFV03;Circuito Mylena;01.06.2017;C2;N;N;0;0;0;0;N
AFV03;Circuito Mylena;05.05.2017;C2;N;N;0;0;0;0;N
AFV03;Circuito Mylena;07.05.2017;C2;N;N;0;0;0;0;N
AFV03;Circuito Mylena;11.05.2017;C2;N;N;0;0;0;0;N
AFV03;Circuito Mylena;13.07.2017;C2;N;N;0;0;0;0;N
AFV03;Circuito Mylena;15.06.2017;C2;N;N;0;0;0;0;N
AFV03;Circuito Mylena;15.08.2017;C2;N;N;0;0;0;0;N
AFV03;Circuito Mylena;18.05.2017;C2;N;N;0;0;0;0;N
AFV03;Circuito Mylena;25.05.2017;C2;N;N;0;0;0;0;N
AFV03;Circuito Mylena;29.06.2017;C2;N;N;0;0;0;0;N
AFV03;Circuito Mylena;01.06.2017;C3;D;N;18.1;15;0;0;S
AFV03;Circuito Mylena;05.05.2017;C3;N;N;0;0;0;0;N
AFV03;Circuito Mylena;07.05.2017;C3;N;N;0;0;0;0;N
AFV03;Circuito Mylena;11.05.2017;C3;N;N;0;0;0;0;N
AFV03;Circuito Mylena;13.07.2017;C3;D;N;33.1;15;17;0;N
AFV03;Circuito Mylena;15.06.2017;C3;D;N;33.1;15;17;0;S
AFV03;Circuito Mylena;15.08.2017;C3;D;N;33.1;15;17;0;N
AFV03;Circuito Mylena;18.05.2017;C3;N;N;0;0;0;0;N
AFV03;Circuito Mylena;25.05.2017;C3;D;N;3.4;0;0;0;S
AFV03;Circuito Mylena;29.06.2017;C3;D;N;33.1;15;17;0;N
AFV03;Circuito Mylena;01.06.2017;C4;D;N;64.1;0;0;0;N
AFV03;Circuito Mylena;05.05.2017;C4;N;N;0;0;0;0;N
AFV03;Circuito Mylena;07.05.2017;C4;N;N;0;0;0;0;N
AFV03;Circuito Mylena;11.05.2017;C4;N;N;0;0;0;0;N
AFV03;Circuito Mylena;13.07.2017;C4;D;N;65.2;1;0;0;N
AFV03;Circuito Mylena;15.06.2017;C4;D;N;64.1;0;0;0;N
AFV03;Circuito Mylena;15.08.2017;C4;D;N;75.3;1;15.2;0;S
AFV03;Circuito Mylena;18.05.2017;C4;N;N;0;0;0;0;N
AFV03;Circuito Mylena;25.05.2017;C4;D;N;64.1;0;0;0;S
AFV03;Circuito Mylena;29.06.2017;C4;D;N;65.2;1;0;0;S
AFV03;Circuito Mylena;01.06.2017;C5;N;N;0;0;0;0;N
AFV03;Circuito Mylena;05.05.2017;C5;N;N;0;0;0;0;N
AFV03;Circuito Mylena;07.05.2017;C5;N;N;0;0;0;0;N
AFV03;Circuito Mylena;11.05.2017;C5;N;N;0;0;0;0;N
AFV03;Circuito Mylena;13.07.2017;C5;N;N;0;0;0;0;N
AFV03;Circuito Mylena;15.06.2017;C5;N;N;0;0;0;0;N
AFV03;Circuito Mylena;15.08.2017;C5;N;N;0;0;0;0;N
AFV03;Circuito Mylena;18.05.2017;C5;N;N;0;0;0;0;N
AFV03;Circuito Mylena;25.05.2017;C5;N;N;0;0;0;0;N
AFV03;Circuito Mylena;29.06.2017;C5;N;N;0;0;0;0;N
AFV03;Circuito Mylena;01.06.2017;C6;N;N;0;0;0;0;N
AFV03;Circuito Mylena;05.05.2017;C6;N;N;0;0;0;0;N
AFV03;Circuito Mylena;07.05.2017;C6;N;N;0;0;0;0;N
AFV03;Circuito Mylena;11.05.2017;C6;N;N;0;0;0;0;N
AFV03;Circuito Mylena;13.07.2017;C6;N;N;0;0;0;0;N
AFV03;Circuito Mylena;15.06.2017;C6;N;N;0;0;0;0;N
AFV03;Circuito Mylena;15.08.2017;C6;N;N;0;0;0;0;N
AFV03;Circuito Mylena;18.05.2017;C6;N;N;0;0;0;0;N
AFV03;Circuito Mylena;25.05.2017;C6;N;N;0;0;0;0;N
AFV03;Circuito Mylena;29.06.2017;C6;N;N;0;0;0;0;N
AFV03;Circuito Mylena;01.06.2017;C7;N;N;0;0;0;0;N
AFV03;Circuito Mylena;05.05.2017;C7;N;N;0;0;0;0;N
AFV03;Circuito Mylena;07.05.2017;C7;N;N;0;0;0;0;N
AFV03;Circuito Mylena;11.05.2017;C7;N;N;0;0;0;0;N
AFV03;Circuito Mylena;13.07.2017;C7;N;N;0;0;0;0;N
AFV03;Circuito Mylena;15.06.2017;C7;N;N;0;0;0;0;N
AFV03;Circuito Mylena;15.08.2017;C7;N;N;0;0;0;0;N
AFV03;Circuito Mylena;18.05.2017;C7;N;N;0;0;0;0;N
AFV03;Circuito Mylena;25.05.2017;C7;N;N;0;0;0;0;N
AFV03;Circuito Mylena;29.06.2017;C7;N;N;0;0;0;0;N
AFV03;Circuito Mylena;01.06.2017;C8;N;N;0;0;0;0;N
AFV03;Circuito Mylena;05.05.2017;C8;N;N;0;0;0;0;N
AFV03;Circuito Mylena;07.05.2017;C8;N;N;0;0;0;0;N
AFV03;Circuito Mylena;11.05.2017;C8;N;N;0;0;0;0;N
AFV03;Circuito Mylena;13.07.2017;C8;N;N;0;0;0;0;N
AFV03;Circuito Mylena;15.06.2017;C8;N;N;0;0;0;0;N
AFV03;Circuito Mylena;15.08.2017;C8;N;N;0;0;0;0;N
AFV03;Circuito Mylena;18.05.2017;C8;N;N;0;0;0;0;N
AFV03;Circuito Mylena;25.05.2017;C8;N;N;0;0;0;0;N
AFV03;Circuito Mylena;29.06.2017;C8;N;N;0;0;0;0;N
AFV03;Circuito Mylena;01.06.2017;C9;D;S;43.7;36;0;0;N
AFV03;Circuito Mylena;05.05.2017;C9;N;N;0;0;0;0;N
AFV03;Circuito Mylena;07.05.2017;C9;D;N;3.4;0;0;0;N
AFV03;Circuito Mylena;11.05.2017;C9;D;N;3.4;0;0;0;N
AFV03;Circuito Mylena;13.07.2017;C9;D;S;43.7;36;0;0;N
AFV03;Circuito Mylena;15.06.2017;C9;D;S;43.7;36;0;0;N
AFV03;Circuito Mylena;15.08.2017;C9;D;S;43.7;36;0;0;N
AFV03;Circuito Mylena;18.05.2017;C9;D;N;3.4;0;0;0;N
AFV03;Circuito Mylena;25.05.2017;C9;D;S;43.7;36;0;0;S
AFV03;Circuito Mylena;29.06.2017;C9;D;S;43.7;36;0;0;N
AFV04;Estrada Excelsior;01.06.2017;C1;N;N;0;0;0;0;N
AFV04;Estrada Excelsior;05.05.2017;C1;N;N;0;0;0;0;N
AFV04;Estrada Excelsior;07.05.2017;C1;N;N;0;0;0;0;N
AFV04;Estrada Excelsior;11.05.2017;C1;N;N;0;0;0;0;N
AFV04;Estrada Excelsior;13.07.2017;C1;N;N;0;0;0;0;N
AFV04;Estrada Excelsior;15.06.2017;C1;N;N;0;0;0;0;N
AFV04;Estrada Excelsior;15.08.2017;C1;N;N;0;0;0;0;N
AFV04;Estrada Excelsior;18.05.2017;C1;N;N;0;0;0;0;N
AFV04;Estrada Excelsior;25.05.2017;C1;N;N;0;0;0;0;N
AFV04;Estrada Excelsior;29.06.2017;C1;N;N;0;0;0;0;N
AFV04;Estrada Excelsior;01.06.2017;C10;P;N;12.4;0;0;0;S
AFV04;Estrada Excelsior;05.05.2017;C10;N;N;0;0;0;0;N
AFV04;Estrada Excelsior;07.05.2017;C10;N;N;0;0;0;0;N
AFV04;Estrada Excelsior;11.05.2017;C10;N;N;0;0;0;0;N
AFV04;Estrada Excelsior;13.07.2017;C10;P;N;12.4;0;0;0;N
AFV04;Estrada Excelsior;15.06.2017;C10;P;N;12.4;0;0;0;N
AFV04;Estrada Excelsior;15.08.2017;C10;P;N;12.4;0;0;0;N
AFV04;Estrada Excelsior;18.05.2017;C10;N;N;0;0;0;0;N
AFV04;Estrada Excelsior;25.05.2017;C10;N;N;0;0;0;0;N
AFV04;Estrada Excelsior;29.06.2017;C10;P;N;12.4;0;0;0;N
AFV04;Estrada Excelsior;01.06.2017;C2;P;N;12.4;0;0;0;S
AFV04;Estrada Excelsior;05.05.2017;C2;N;N;0;0;0;0;N
AFV04;Estrada Excelsior;07.05.2017;C2;N;N;0;0;0;0;N
AFV04;Estrada Excelsior;11.05.2017;C2;N;N;0;0;0;0;N
AFV04;Estrada Excelsior;13.07.2017;C2;P;N;12.4;0;0;0;N
AFV04;Estrada Excelsior;15.06.2017;C2;P;N;12.4;0;0;0;N
AFV04;Estrada Excelsior;15.08.2017;C2;P;N;12.4;0;0;0;N
AFV04;Estrada Excelsior;18.05.2017;C2;N;N;0;0;0;0;N
AFV04;Estrada Excelsior;25.05.2017;C2;N;N;0;0;0;0;N
AFV04;Estrada Excelsior;29.06.2017;C2;P;N;12.4;0;0;0;N
AFV04;Estrada Excelsior;01.06.2017;C3;P;N;10.1;0;0;0;S
AFV04;Estrada Excelsior;05.05.2017;C3;N;N;0;0;0;0;N
AFV04;Estrada Excelsior;07.05.2017;C3;N;N;0;0;0;0;N
AFV04;Estrada Excelsior;11.05.2017;C3;N;N;0;0;0;0;N
AFV04;Estrada Excelsior;13.07.2017;C3;P;N;10.1;0;0;0;N
AFV04;Estrada Excelsior;15.06.2017;C3;P;N;10.1;0;0;0;N
AFV04;Estrada Excelsior;15.08.2017;C3;P;N;10.1;0;0;0;N
AFV04;Estrada Excelsior;18.05.2017;C3;N;N;0;0;0;0;N
AFV04;Estrada Excelsior;25.05.2017;C3;N;N;0;0;0;0;N
AFV04;Estrada Excelsior;29.06.2017;C3;P;N;10.1;0;0;0;N
AFV04;Estrada Excelsior;01.06.2017;C4;N;N;0;0;0;0;N
AFV04;Estrada Excelsior;05.05.2017;C4;N;N;0;0;0;0;N
AFV04;Estrada Excelsior;07.05.2017;C4;N;N;0;0;0;0;N
AFV04;Estrada Excelsior;11.05.2017;C4;N;N;0;0;0;0;N
AFV04;Estrada Excelsior;13.07.2017;C4;N;N;0;0;0;0;N
AFV04;Estrada Excelsior;15.06.2017;C4;N;N;0;0;0;0;N
AFV04;Estrada Excelsior;15.08.2017;C4;N;N;0;0;0;0;N
AFV04;Estrada Excelsior;18.05.2017;C4;N;N;0;0;0;0;N
AFV04;Estrada Excelsior;25.05.2017;C4;N;N;0;0;0;0;N
AFV04;Estrada Excelsior;29.06.2017;C4;N;N;0;0;0;0;N
AFV04;Estrada Excelsior;01.06.2017;C5;D;S;12.9;0;0;0;N
AFV04;Estrada Excelsior;05.05.2017;C5;N;N;0;0;0;0;N
AFV04;Estrada Excelsior;07.05.2017;C5;N;N;0;0;0;0;N
AFV04;Estrada Excelsior;11.05.2017;C5;N;N;0;0;0;0;N
AFV04;Estrada Excelsior;13.07.2017;C5;D;S;12.9;0;0;0;N
AFV04;Estrada Excelsior;15.06.2017;C5;D;S;12.9;0;0;0;N
AFV04;Estrada Excelsior;15.08.2017;C5;D;S;12.9;0;0;0;N
AFV04;Estrada Excelsior;18.05.2017;C5;N;N;0;0;0;0;N
AFV04;Estrada Excelsior;25.05.2017;C5;D;S;12.9;0;0;0;S
AFV04;Estrada Excelsior;29.06.2017;C5;D;S;12.9;0;0;0;N
AFV04;Estrada Excelsior;01.06.2017;C6;N;N;0;0;0;0;N
AFV04;Estrada Excelsior;05.05.2017;C6;N;N;0;0;0;0;N
AFV04;Estrada Excelsior;07.05.2017;C6;N;N;0;0;0;0;N
AFV04;Estrada Excelsior;11.05.2017;C6;N;N;0;0;0;0;N
AFV04;Estrada Excelsior;13.07.2017;C6;N;N;0;0;0;0;N
AFV04;Estrada Excelsior;15.06.2017;C6;N;N;0;0;0;0;N
AFV04;Estrada Excelsior;15.08.2017;C6;N;N;0;0;0;0;N
AFV04;Estrada Excelsior;18.05.2017;C6;N;N;0;0;0;0;N
AFV04;Estrada Excelsior;25.05.2017;C6;N;N;0;0;0;0;N
AFV04;Estrada Excelsior;29.06.2017;C6;N;N;0;0;0;0;N
AFV04;Estrada Excelsior;01.06.2017;C7;N;N;0;0;0;0;N
AFV04;Estrada Excelsior;05.05.2017;C7;N;N;0;0;0;0;N
AFV04;Estrada Excelsior;07.05.2017;C7;N;N;0;0;0;0;N
AFV04;Estrada Excelsior;11.05.2017;C7;N;N;0;0;0;0;N
AFV04;Estrada Excelsior;13.07.2017;C7;N;N;0;0;0;0;N
AFV04;Estrada Excelsior;15.06.2017;C7;N;N;0;0;0;0;N
AFV04;Estrada Excelsior;15.08.2017;C7;N;N;0;0;0;0;N
AFV04;Estrada Excelsior;18.05.2017;C7;N;N;0;0;0;0;N
AFV04;Estrada Excelsior;25.05.2017;C7;N;N;0;0;0;0;N
AFV04;Estrada Excelsior;29.06.2017;C7;N;N;0;0;0;0;N
AFV04;Estrada Excelsior;01.06.2017;C8;D;N;2.3;0;0;0;S
AFV04;Estrada Excelsior;05.05.2017;C8;N;N;0;0;0;0;N
AFV04;Estrada Excelsior;07.05.2017;C8;N;N;0;0;0;0;N
AFV04;Estrada Excelsior;11.05.2017;C8;N;N;0;0;0;0;N
AFV04;Estrada Excelsior;13.07.2017;C8;N;N;0;2;0;0;N
AFV04;Estrada Excelsior;15.06.2017;C8;D;N;2.3;0;0;0;N
AFV04;Estrada Excelsior;15.08.2017;C8;N;N;0;2;0;0;N
AFV04;Estrada Excelsior;18.05.2017;C8;N;N;0;0;0;0;N
AFV04;Estrada Excelsior;25.05.2017;C8;N;N;0;0;0;0;N
AFV04;Estrada Excelsior;29.06.2017;C8;N;N;0;2;0;0;N
AFV04;Estrada Excelsior;01.06.2017;C9;N;N;0;0;0;0;N
AFV04;Estrada Excelsior;05.05.2017;C9;N;N;0;0;0;0;N
AFV04;Estrada Excelsior;07.05.2017;C9;N;N;0;0;0;0;N
AFV04;Estrada Excelsior;11.05.2017;C9;N;N;0;0;0;0;N
AFV04;Estrada Excelsior;13.07.2017;C9;N;N;0;0;0;0;N
AFV04;Estrada Excelsior;15.06.2017;C9;N;N;0;0;0;0;N
AFV04;Estrada Excelsior;15.08.2017;C9;N;N;0;0;0;0;N
AFV04;Estrada Excelsior;18.05.2017;C9;N;N;0;0;0;0;N
AFV04;Estrada Excelsior;25.05.2017;C9;N;N;0;0;0;0;N
AFV04;Estrada Excelsior;29.06.2017;C9;N;N;0;0;0;0;N
AFV05b;Banheiro;01.06.2017;C1;P;N;12.5;0;0;0;N
AFV05b;Banheiro;05.05.2017;C1;N;N;0;0;0;0;N
AFV05b;Banheiro;07.05.2017;C1;N;N;0;0;0;0;N
AFV05b;Banheiro;11.05.2017;C1;N;N;0;0;0;0;N
AFV05b;Banheiro;13.07.2017;C1;P;N;12.5;0;0;0;N
AFV05b;Banheiro;15.06.2017;C1;P;N;12.5;0;0;0;N
AFV05b;Banheiro;15.08.2017;C1;P;N;12.5;0;0;0;N
AFV05b;Banheiro;18.05.2017;C1;P;N;12.5;0;0;0;S
AFV05b;Banheiro;25.05.2017;C1;P;N;12.5;0;0;0;N
AFV05b;Banheiro;29.06.2017;C1;P;N;12.5;0;0;0;N
AFV05b;Banheiro;01.06.2017;C10;P;N;14.6;0;0;0;N
AFV05b;Banheiro;05.05.2017;C10;N;N;0;0;0;0;N
AFV05b;Banheiro;07.05.2017;C10;N;N;0;0;0;0;N
AFV05b;Banheiro;11.05.2017;C10;N;N;0;0;0;0;N
AFV05b;Banheiro;13.07.2017;C10;P;N;14.6;0;0;0;N
AFV05b;Banheiro;15.06.2017;C10;P;N;14.6;0;0;0;N
AFV05b;Banheiro;15.08.2017;C10;P;N;14.6;0;0;0;N
AFV05b;Banheiro;18.05.2017;C10;P;N;14.6;0;0;0;S
AFV05b;Banheiro;25.05.2017;C10;P;N;14.6;0;0;0;N
AFV05b;Banheiro;29.06.2017;C10;P;N;14.6;0;0;0;N
AFV05b;Banheiro;01.06.2017;C2;N;N;0;0;0;0;N
AFV05b;Banheiro;05.05.2017;C2;N;N;0;0;0;0;N
AFV05b;Banheiro;07.05.2017;C2;N;N;0;0;0;0;N
AFV05b;Banheiro;11.05.2017;C2;N;N;0;0;0;0;N
AFV05b;Banheiro;13.07.2017;C2;N;N;0;0;0;0;N
AFV05b;Banheiro;15.06.2017;C2;N;N;0;0;0;0;N
AFV05b;Banheiro;15.08.2017;C2;N;N;0;0;0;0;N
AFV05b;Banheiro;18.05.2017;C2;N;N;0;0;0;0;N
AFV05b;Banheiro;25.05.2017;C2;N;N;0;0;0;0;N
AFV05b;Banheiro;29.06.2017;C2;N;N;0;0;0;0;N
AFV05b;Banheiro;01.06.2017;C3;N;N;0;0;0;0;N
AFV05b;Banheiro;05.05.2017;C3;N;N;0;0;0;0;N
AFV05b;Banheiro;07.05.2017;C3;N;N;0;0;0;0;N
AFV05b;Banheiro;11.05.2017;C3;N;N;0;0;0;0;N
AFV05b;Banheiro;13.07.2017;C3;N;N;0;0;0;0;N
AFV05b;Banheiro;15.06.2017;C3;N;N;0;0;0;0;N
AFV05b;Banheiro;15.08.2017;C3;N;N;0;0;0;0;N
AFV05b;Banheiro;18.05.2017;C3;N;N;0;0;0;0;N
AFV05b;Banheiro;25.05.2017;C3;N;N;0;0;0;0;N
AFV05b;Banheiro;29.06.2017;C3;N;N;0;0;0;0;N
AFV05b;Banheiro;01.06.2017;C4;N;N;0;0;0;0;N
AFV05b;Banheiro;05.05.2017;C4;N;N;0;0;0;0;N
AFV05b;Banheiro;07.05.2017;C4;N;N;0;0;0;0;N
AFV05b;Banheiro;11.05.2017;C4;N;N;0;0;0;0;N
AFV05b;Banheiro;13.07.2017;C4;N;N;0;0;0;0;N
AFV05b;Banheiro;15.06.2017;C4;N;N;0;0;0;0;N
AFV05b;Banheiro;15.08.2017;C4;N;N;0;0;0;0;N
AFV05b;Banheiro;18.05.2017;C4;N;N;0;0;0;0;N
AFV05b;Banheiro;25.05.2017;C4;N;N;0;0;0;0;N
AFV05b;Banheiro;29.06.2017;C4;N;N;0;0;0;0;N
AFV05b;Banheiro;01.06.2017;C5;P;N;12.5;0;0;0;N
AFV05b;Banheiro;05.05.2017;C5;N;N;0;0;0;0;N
AFV05b;Banheiro;07.05.2017;C5;N;N;0;0;0;0;N
AFV05b;Banheiro;11.05.2017;C5;N;N;0;0;0;0;N
AFV05b;Banheiro;13.07.2017;C5;P;N;12.5;0;0;0;N
AFV05b;Banheiro;15.06.2017;C5;P;N;12.5;0;0;0;N
AFV05b;Banheiro;15.08.2017;C5;P;N;12.5;0;0;0;N
AFV05b;Banheiro;18.05.2017;C5;P;N;12.5;0;0;0;S
AFV05b;Banheiro;25.05.2017;C5;P;N;12.5;0;0;0;N
AFV05b;Banheiro;29.06.2017;C5;P;N;12.5;0;0;0;N
AFV05b;Banheiro;01.06.2017;C6;P;N;12.6;0;0;0;N
AFV05b;Banheiro;05.05.2017;C6;N;N;0;0;0;0;N
AFV05b;Banheiro;07.05.2017;C6;N;N;0;0;0;0;N
AFV05b;Banheiro;11.05.2017;C6;N;N;0;0;0;0;N
AFV05b;Banheiro;13.07.2017;C6;P;N;12.6;0;0;0;N
AFV05b;Banheiro;15.06.2017;C6;P;N;12.6;0;0;0;N
AFV05b;Banheiro;15.08.2017;C6;P;N;12.6;0;0;0;N
AFV05b;Banheiro;18.05.2017;C6;P;N;12.6;0;0;0;S
AFV05b;Banheiro;25.05.2017;C6;P;N;12.6;0;0;0;N
AFV05b;Banheiro;29.06.2017;C6;P;N;12.6;0;0;0;N
AFV05b;Banheiro;01.06.2017;C7;P;N;14.3;0;0;0;N
AFV05b;Banheiro;05.05.2017;C7;N;N;0;0;0;0;N
AFV05b;Banheiro;07.05.2017;C7;N;N;0;0;0;0;N
AFV05b;Banheiro;11.05.2017;C7;P;N;14.3;0;0;0;S
AFV05b;Banheiro;13.07.2017;C7;P;N;14.3;0;0;0;N
AFV05b;Banheiro;15.06.2017;C7;P;N;14.3;0;0;0;N
AFV05b;Banheiro;15.08.2017;C7;P;N;14.3;0;0;0;N
AFV05b;Banheiro;18.05.2017;C7;P;N;14.3;0;0;0;N
AFV05b;Banheiro;25.05.2017;C7;P;N;14.3;0;0;0;N
AFV05b;Banheiro;29.06.2017;C7;P;N;14.3;0;0;0;N
AFV05b;Banheiro;01.06.2017;C8;S;N;3.6;0;0;0;N
AFV05b;Banheiro;05.05.2017;C8;N;N;0;0;0;0;N
AFV05b;Banheiro;07.05.2017;C8;S;N;3.6;0;0;0;S
AFV05b;Banheiro;11.05.2017;C8;S;N;3.6;0;0;0;N
AFV05b;Banheiro;13.07.2017;C8;S;N;3.6;0;0;0;N
AFV05b;Banheiro;15.06.2017;C8;S;N;3.6;0;0;0;N
AFV05b;Banheiro;15.08.2017;C8;S;N;3.6;0;0;0;N
AFV05b;Banheiro;18.05.2017;C8;S;N;3.6;0;0;0;N
AFV05b;Banheiro;25.05.2017;C8;S;N;3.6;0;0;0;N
AFV05b;Banheiro;29.06.2017;C8;S;N;3.6;0;0;0;N
AFV05b;Banheiro;01.06.2017;C9;P;N;12.5;0;0;0;N
AFV05b;Banheiro;05.05.2017;C9;N;N;0;0;0;0;N
AFV05b;Banheiro;07.05.2017;C9;N;N;0;0;0;0;N
AFV05b;Banheiro;11.05.2017;C9;N;N;0;0;0;0;N
AFV05b;Banheiro;13.07.2017;C9;P;N;12.5;0;0;0;N
AFV05b;Banheiro;15.06.2017;C9;P;N;12.5;0;0;0;N
AFV05b;Banheiro;15.08.2017;C9;P;N;12.5;0;0;0;N
AFV05b;Banheiro;18.05.2017;C9;P;N;12.5;0;0;0;S
AFV05b;Banheiro;25.05.2017;C9;P;N;12.5;0;0;0;N
AFV05b;Banheiro;29.06.2017;C9;P;N;12.5;0;0;0;N
AFV06;Muro;01.06.2017;C1;D;N;3.2;0;0;0;N
AFV06;Muro;05.05.2017;C1;N;N;0;0;0;0;N
AFV06;Muro;07.05.2017;C1;N;N;0;0;0;0;N
AFV06;Muro;11.05.2017;C1;N;N;0;0;0;0;N
AFV06;Muro;13.07.2017;C1;S;N;6.8;0;0;0;N
AFV06;Muro;15.06.2017;C1;S;N;6.8;0;0;0;S
AFV06;Muro;15.08.2017;C1;S;N;6.8;0;0;0;N
AFV06;Muro;18.05.2017;C1;D;N;3.2;0;0;0;S
AFV06;Muro;25.05.2017;C1;D;N;3.2;0;0;0;N
AFV06;Muro;29.06.2017;C1;S;N;6.8;0;0;0;N
AFV06;Muro;01.06.2017;C10;N;N;0;0;0;0;N
AFV06;Muro;05.05.2017;C10;N;N;0;0;0;0;N
AFV06;Muro;07.05.2017;C10;N;N;0;0;0;0;N
AFV06;Muro;11.05.2017;C10;N;N;0;0;0;0;N
AFV06;Muro;13.07.2017;C10;N;N;6.8;0;0;0;N
AFV06;Muro;15.06.2017;C10;N;N;6.8;0;0;0;N
AFV06;Muro;15.08.2017;C10;N;N;6.8;0;0;0;N
AFV06;Muro;18.05.2017;C10;N;N;0;0;0;0;N
AFV06;Muro;25.05.2017;C10;N;N;0;0;0;0;N
AFV06;Muro;29.06.2017;C10;N;N;6.8;0;0;0;N
AFV06;Muro;01.06.2017;C2;D;N;2.8;0;0;0;S
AFV06;Muro;05.05.2017;C2;N;N;0;0;0;0;N
AFV06;Muro;07.05.2017;C2;N;N;0;0;0;0;N
AFV06;Muro;11.05.2017;C2;N;N;0;0;0;0;N
AFV06;Muro;13.07.2017;C2;P;N;16.8;0;0;0;N
AFV06;Muro;15.06.2017;C2;P;N;16.8;0;0;0;S
AFV06;Muro;15.08.2017;C2;P;N;16.8;0;0;0;N
AFV06;Muro;18.05.2017;C2;N;N;0;0;0;0;N
AFV06;Muro;25.05.2017;C2;N;N;0;0;0;0;N
AFV06;Muro;29.06.2017;C2;P;N;16.8;0;0;0;N
AFV06;Muro;01.06.2017;C3;N;N;0;0;0;0;N
AFV06;Muro;05.05.2017;C3;N;N;0;0;0;0;N
AFV06;Muro;07.05.2017;C3;N;N;0;0;0;0;N
AFV06;Muro;11.05.2017;C3;N;N;0;0;0;0;N
AFV06;Muro;13.07.2017;C3;P;N;7.9;0;0;0;N
AFV06;Muro;15.06.2017;C3;P;N;7.9;0;0;0;S
AFV06;Muro;15.08.2017;C3;P;N;7.9;0;0;0;N
AFV06;Muro;18.05.2017;C3;N;N;0;0;0;0;N
AFV06;Muro;25.05.2017;C3;N;N;0;0;0;0;N
AFV06;Muro;29.06.2017;C3;P;N;7.9;0;0;0;N
AFV06;Muro;01.06.2017;C4;D;N;3.2;0;0;0;N
AFV06;Muro;05.05.2017;C4;N;N;0;0;0;0;N
AFV06;Muro;07.05.2017;C4;N;N;0;0;0;0;N
AFV06;Muro;11.05.2017;C4;D;N;3.2;0;0;0;S
AFV06;Muro;13.07.2017;C4;S;N;81.8;0;0;0;N
AFV06;Muro;15.06.2017;C4;S;N;81.8;0;0;0;S
AFV06;Muro;15.08.2017;C4;S;N;81.8;0;0;0;N
AFV06;Muro;18.05.2017;C4;D;N;3.2;0;0;0;N
AFV06;Muro;25.05.2017;C4;D;N;3.2;0;0;0;N
AFV06;Muro;29.06.2017;C4;S;N;81.8;0;0;0;N
AFV06;Muro;01.06.2017;C5;N;N;0;0;0;0;N
AFV06;Muro;05.05.2017;C5;N;N;0;0;0;0;N
AFV06;Muro;07.05.2017;C5;N;N;0;0;0;0;N
AFV06;Muro;11.05.2017;C5;N;N;0;0;0;0;N
AFV06;Muro;13.07.2017;C5;P;N;19.1;0;0;0;N
AFV06;Muro;15.06.2017;C5;P;N;19.1;0;0;0;S
AFV06;Muro;15.08.2017;C5;P;N;19.1;0;0;0;N
AFV06;Muro;18.05.2017;C5;N;N;0;0;0;0;N
AFV06;Muro;25.05.2017;C5;N;N;0;0;0;0;N
AFV06;Muro;29.06.2017;C5;P;N;19.1;0;0;0;N
AFV06;Muro;01.06.2017;C6;D;S;35.7;0;0;0;N
AFV06;Muro;05.05.2017;C6;N;N;0;0;0;0;N
AFV06;Muro;07.05.2017;C6;N;N;0;0;0;0;N
AFV06;Muro;11.05.2017;C6;N;N;0;0;0;0;N
AFV06;Muro;13.07.2017;C6;N;S;37;20;0;0;N
AFV06;Muro;15.06.2017;C6;N;S;37;20;0;0;N
AFV06;Muro;15.08.2017;C6;N;S;37;20;0;0;N
AFV06;Muro;18.05.2017;C6;D;S;35.7;0;0;0;S
AFV06;Muro;25.05.2017;C6;D;S;35.7;0;0;0;N
AFV06;Muro;29.06.2017;C6;N;S;37;20;0;0;N
AFV06;Muro;01.06.2017;C7;N;N;0;0;0;0;N
AFV06;Muro;05.05.2017;C7;N;N;0;0;0;0;N
AFV06;Muro;07.05.2017;C7;N;N;0;0;0;0;N
AFV06;Muro;11.05.2017;C7;N;N;0;0;0;0;N
AFV06;Muro;13.07.2017;C7;P;N;6.8;0;0;0;N
AFV06;Muro;15.06.2017;C7;P;N;6.8;0;0;0;S
AFV06;Muro;15.08.2017;C7;P;N;6.8;0;0;0;N
AFV06;Muro;18.05.2017;C7;N;N;0;0;0;0;N
AFV06;Muro;25.05.2017;C7;N;N;0;0;0;0;N
AFV06;Muro;29.06.2017;C7;P;N;6.8;0;0;0;N
AFV06;Muro;01.06.2017;C8;N;N;0;0;0;0;N
AFV06;Muro;05.05.2017;C8;N;N;0;0;0;0;N
AFV06;Muro;07.05.2017;C8;N;N;0;0;0;0;N
AFV06;Muro;11.05.2017;C8;N;N;0;0;0;0;N
AFV06;Muro;13.07.2017;C8;P;N;6.8;0;0;0;N
AFV06;Muro;15.06.2017;C8;P;N;6.8;0;0;0;S
AFV06;Muro;15.08.2017;C8;P;N;6.8;0;0;0;N
AFV06;Muro;18.05.2017;C8;N;N;0;0;0;0;N
AFV06;Muro;25.05.2017;C8;N;N;0;0;0;0;N
AFV06;Muro;29.06.2017;C8;P;N;6.8;0;0;0;N
AFV06;Muro;01.06.2017;C9;N;N;0;0;0;0;N
AFV06;Muro;05.05.2017;C9;N;N;0;0;0;0;N
AFV06;Muro;07.05.2017;C9;N;N;0;0;0;0;N
AFV06;Muro;11.05.2017;C9;N;N;0;0;0;0;N
AFV06;Muro;13.07.2017;C9;P;N;6.8;0;0;0;N
AFV06;Muro;15.06.2017;C9;P;N;6.8;0;0;0;S
AFV06;Muro;15.08.2017;C9;P;N;6.8;0;0;0;N
AFV06;Muro;18.05.2017;C9;N;N;0;0;0;0;N
AFV06;Muro;25.05.2017;C9;N;N;0;0;0;0;N
AFV06;Muro;29.06.2017;C9;P;N;6.8;0;0;0;N
AFV07;Lago das Fadas;01.06.2017;C1;D;N;0.9;0;0;0;N
AFV07;Lago das Fadas;05.05.2017;C1;N;N;0;0;0;0;N
AFV07;Lago das Fadas;07.05.2017;C1;N;N;0;0;0;0;N
AFV07;Lago das Fadas;11.05.2017;C1;D;N;0.9;0;0;0;S
AFV07;Lago das Fadas;13.07.2017;C1;D;N;0.9;0;0;0;N
AFV07;Lago das Fadas;15.06.2017;C1;D;N;0.9;0;0;0;N
AFV07;Lago das Fadas;15.08.2017;C1;D;N;0.9;0;0;0;N
AFV07;Lago das Fadas;18.05.2017;C1;D;N;0.9;0;0;0;N
AFV07;Lago das Fadas;25.05.2017;C1;D;N;0.9;0;0;0;N
AFV07;Lago das Fadas;29.06.2017;C1;D;N;0.9;0;0;0;N
AFV07;Lago das Fadas;01.06.2017;C10;D;N;5.9;0;0;0;N
AFV07;Lago das Fadas;05.05.2017;C10;N;N;0;0;0;0;N
AFV07;Lago das Fadas;07.05.2017;C10;N;N;5.9;0;0;0;S
AFV07;Lago das Fadas;11.05.2017;C10;D;N;5.9;0;0;0;N
AFV07;Lago das Fadas;13.07.2017;C10;D;N;5.9;0;0;0;N
AFV07;Lago das Fadas;15.06.2017;C10;D;N;5.9;0;0;0;N
AFV07;Lago das Fadas;15.08.2017;C10;D;N;5.9;0;0;0;N
AFV07;Lago das Fadas;18.05.2017;C10;D;N;5.9;0;0;0;N
AFV07;Lago das Fadas;25.05.2017;C10;D;N;5.9;0;0;0;N
AFV07;Lago das Fadas;29.06.2017;C10;D;N;5.9;0;0;0;N
AFV07;Lago das Fadas;01.06.2017;C2;D;N;1.1;0;0;0;N
AFV07;Lago das Fadas;05.05.2017;C2;N;N;0;0;0;0;N
AFV07;Lago das Fadas;07.05.2017;C2;N;N;0;0;0;0;N
AFV07;Lago das Fadas;11.05.2017;C2;D;N;1.1;0;0;0;S
AFV07;Lago das Fadas;13.07.2017;C2;D;N;1.1;0;0;0;N
AFV07;Lago das Fadas;15.06.2017;C2;D;N;1.1;0;0;0;N
AFV07;Lago das Fadas;15.08.2017;C2;D;N;1.1;0;0;0;N
AFV07;Lago das Fadas;18.05.2017;C2;D;N;1.1;0;0;0;N
AFV07;Lago das Fadas;25.05.2017;C2;D;N;1.1;0;0;0;N
AFV07;Lago das Fadas;29.06.2017;C2;D;N;1.1;0;0;0;N
AFV07;Lago das Fadas;01.06.2017;C3;D;N;35.9;2;0;0;N
AFV07;Lago das Fadas;05.05.2017;C3;N;N;0;0;0;0;N
AFV07;Lago das Fadas;07.05.2017;C3;D;N;34.8;0;0;0;S
AFV07;Lago das Fadas;11.05.2017;C3;D;N;35.9;2;0;0;S
AFV07;Lago das Fadas;13.07.2017;C3;D;N;35.9;2;0;0;N
AFV07;Lago das Fadas;15.06.2017;C3;D;N;35.9;2;0;0;N
AFV07;Lago das Fadas;15.08.2017;C3;D;N;35.9;2;0;0;N
AFV07;Lago das Fadas;18.05.2017;C3;D;N;35.9;2;0;0;N
AFV07;Lago das Fadas;25.05.2017;C3;D;N;35.9;2;0;0;N
AFV07;Lago das Fadas;29.06.2017;C3;D;N;35.9;2;0;0;N
AFV07;Lago das Fadas;01.06.2017;C4;D;N;2.7;0;0;0;N
AFV07;Lago das Fadas;05.05.2017;C4;N;N;0;0;0;0;N
AFV07;Lago das Fadas;07.05.2017;C4;N;N;0;0;0;0;N
AFV07;Lago das Fadas;11.05.2017;C4;D;N;2.7;0;0;0;S
AFV07;Lago das Fadas;13.07.2017;C4;D;N;2.7;0;0;0;N
AFV07;Lago das Fadas;15.06.2017;C4;D;N;2.7;0;0;0;N
AFV07;Lago das Fadas;15.08.2017;C4;D;N;2.7;0;0;0;N
AFV07;Lago das Fadas;18.05.2017;C4;D;N;2.7;0;0;0;N
AFV07;Lago das Fadas;25.05.2017;C4;D;N;2.7;0;0;0;N
AFV07;Lago das Fadas;29.06.2017;C4;D;N;2.7;0;0;0;N
AFV07;Lago das Fadas;01.06.2017;C5;D;S;18;0;0;0;N
AFV07;Lago das Fadas;05.05.2017;C5;N;N;0;0;0;0;N
AFV07;Lago das Fadas;07.05.2017;C5;D;S;18;0;0;0;S
AFV07;Lago das Fadas;11.05.2017;C5;D;S;18;0;0;0;N
AFV07;Lago das Fadas;13.07.2017;C5;D;S;18;0;0;0;N
AFV07;Lago das Fadas;15.06.2017;C5;D;S;18;0;0;0;N
AFV07;Lago das Fadas;15.08.2017;C5;D;S;18;0;0;0;N
AFV07;Lago das Fadas;18.05.2017;C5;D;S;18;0;0;0;N
AFV07;Lago das Fadas;25.05.2017;C5;D;S;18;0;0;0;N
AFV07;Lago das Fadas;29.06.2017;C5;D;S;18;0;0;0;N
AFV07;Lago das Fadas;01.06.2017;C6;N;N;0;0;0;0;N
AFV07;Lago das Fadas;05.05.2017;C6;N;N;0;0;0;0;N
AFV07;Lago das Fadas;07.05.2017;C6;N;N;0;0;0;0;N
AFV07;Lago das Fadas;11.05.2017;C6;N;N;0;0;0;0;N
AFV07;Lago das Fadas;13.07.2017;C6;N;N;0;0;0;0;N
AFV07;Lago das Fadas;15.06.2017;C6;N;N;0;0;0;0;N
AFV07;Lago das Fadas;15.08.2017;C6;N;N;0;0;0;0;N
AFV07;Lago das Fadas;18.05.2017;C6;N;N;0;0;0;0;N
AFV07;Lago das Fadas;25.05.2017;C6;N;N;0;0;0;0;N
AFV07;Lago das Fadas;29.06.2017;C6;N;N;0;0;0;0;N
AFV07;Lago das Fadas;01.06.2017;C7;S;N;0;0;0;0;S
AFV07;Lago das Fadas;05.05.2017;C7;N;N;0;0;0;0;N
AFV07;Restaurante Acima;05.05.2017;C7;N;N;0;0;0;0;N
AFV07;Lago das Fadas;07.05.2017;C7;N;N;0;0;0;0;N
AFV07;Restaurante Acima;07.05.2017;C7;N;N;0;0;0;0;N
AFV07;Lago das Fadas;11.05.2017;C7;N;N;0;0;0;0;N
AFV07;Lago das Fadas;13.07.2017;C7;S;N;0;0;0;0;N
AFV07;Lago das Fadas;15.06.2017;C7;S;N;0;0;0;0;N
AFV07;Lago das Fadas;15.08.2017;C7;S;N;0;0;0;0;N
AFV07;Lago das Fadas;18.05.2017;C7;N;N;0;0;0;0;N
AFV07;Lago das Fadas;25.05.2017;C7;N;N;0;0;0;0;N
AFV07;Lago das Fadas;29.06.2017;C7;S;N;0;0;0;0;N
AFV07;Lago das Fadas;01.06.2017;C8;N;N;0;0;0;0;N
AFV07;Lago das Fadas;05.05.2017;C8;N;N;0;0;0;0;N
AFV07;Lago das Fadas;07.05.2017;C8;N;N;0;0;0;0;N
AFV07;Lago das Fadas;11.05.2017;C8;N;N;0;0;0;0;N
AFV07;Lago das Fadas;13.07.2017;C8;N;N;0;0;0;0;N
AFV07;Lago das Fadas;15.06.2017;C8;N;N;0;0;0;0;N
AFV07;Lago das Fadas;15.08.2017;C8;P;N;0;0;0;0;S
AFV07;Lago das Fadas;18.05.2017;C8;N;N;0;0;0;0;N
AFV07;Lago das Fadas;25.05.2017;C8;N;N;0;0;0;0;N
AFV07;Lago das Fadas;29.06.2017;C8;N;N;0;0;0;0;N
AFV07;Lago das Fadas;01.06.2017;C9;S;N;12.9;0;0;0;N
AFV07;Lago das Fadas;05.05.2017;C9;N;N;0;0;0;0;N
AFV07;Lago das Fadas;07.05.2017;C9;D;N;1.2;0;0;0;S
AFV07;Lago das Fadas;11.05.2017;C9;S;N;12.9;0;0;0;S
AFV07;Lago das Fadas;13.07.2017;C9;S;N;12.9;0;0;0;N
AFV07;Lago das Fadas;15.06.2017;C9;S;N;12.9;0;0;0;N
AFV07;Lago das Fadas;15.08.2017;C9;S;N;12.9;0;0;0;N
AFV07;Lago das Fadas;18.05.2017;C9;S;N;12.9;0;0;0;N
AFV07;Lago das Fadas;25.05.2017;C9;S;N;12.9;0;0;0;N
AFV07;Lago das Fadas;29.06.2017;C9;S;N;12.9;0;0;0;N
AFV08;Cercado;01.06.2017;C1;P;N;0.2;5.5;0;0;S
AFV08;Cercado;05.05.2017;C1;D;N;25.8;0;0;0;S
AFV08;Cercado;07.05.2017;C1;D;N;25.8;0;0;0;N
AFV08;Cercado;11.05.2017;C1;D;N;29.2;5.5;0;0;S
AFV08;Cercado;13.07.2017;C1;P;N;10.1;5.5;0;0;N
AFV08;Cercado;15.06.2017;C1;P;N;10.1;5.5;0;0;N
AFV08;Cercado;15.08.2017;C1;P;N;10.1;5.5;0;0;N
AFV08;Cercado;18.05.2017;C1;D;N;29.2;5.5;0;0;N
AFV08;Cercado;25.05.2017;C1;D;N;29.2;5.5;0;0;N
AFV08;Cercado;29.06.2017;C1;P;N;10.1;5.5;0;0;N
AFV08;Cercado;01.06.2017;C10;P;N;5.9;0;0;0;N
AFV08;Cercado;05.05.2017;C10;N;N;0;0;0;0;N
AFV08;Cercado;07.05.2017;C10;N;N;0;0;0;0;N
AFV08;Cercado;11.05.2017;C10;N;N;0;0;0;0;N
AFV08;Cercado;13.07.2017;C10;P;N;5.9;0;0;0;N
AFV08;Cercado;15.06.2017;C10;P;N;5.9;0;0;0;N
AFV08;Cercado;15.08.2017;C10;P;N;5.9;0;0;0;N
AFV08;Cercado;18.05.2017;C10;P;N;5.9;0;0;0;S
AFV08;Cercado;25.05.2017;C10;P;N;5.9;0;0;0;N
AFV08;Cercado;29.06.2017;C10;P;N;5.9;0;0;0;N
AFV08;Cercado;01.06.2017;C2;P;S;57.4;0;0;0;S
AFV08;Cercado;05.05.2017;C2;N;N;0;0;0;0;N
AFV08;Cercado;07.05.2017;C2;N;N;0;0;0;0;N
AFV08;Cercado;11.05.2017;C2;N;N;0;0;0;0;N
AFV08;Cercado;13.07.2017;C2;P;S;57.4;0;0;0;N
AFV08;Cercado;15.06.2017;C2;P;S;57.4;0;0;0;N
AFV08;Cercado;15.08.2017;C2;P;S;57.4;0;0;0;N
AFV08;Cercado;18.05.2017;C2;D;S;57.4;0;0;0;S
AFV08;Cercado;25.05.2017;C2;D;S;57.4;0;0;0;N
AFV08;Cercado;29.06.2017;C2;P;S;57.4;0;0;0;N
AFV08;Cercado;01.06.2017;C3;P;N;25.2;0;0;0;N
AFV08;Cercado;05.05.2017;C3;N;N;0;0;0;0;N
AFV08;Cercado;07.05.2017;C3;N;N;0;0;0;0;N
AFV08;Cercado;11.05.2017;C3;P;N;25.2;0;0;0;S
AFV08;Cercado;13.07.2017;C3;P;N;25.2;0;0;0;N
AFV08;Cercado;15.06.2017;C3;P;N;25.2;0;0;0;N
AFV08;Cercado;15.08.2017;C3;P;N;25.2;0;0;0;N
AFV08;Cercado;18.05.2017;C3;P;N;25.2;0;0;0;N
AFV08;Cercado;25.05.2017;C3;P;N;25.2;0;0;0;N
AFV08;Cercado;29.06.2017;C3;P;N;25.2;0;0;0;N
AFV08;Cercado;01.06.2017;C4;N;N;0;0;0;0;N
AFV08;Cercado;05.05.2017;C4;N;N;0;0;0;0;N
AFV08;Cercado;07.05.2017;C4;N;N;0;0;0;0;N
AFV08;Cercado;11.05.2017;C4;N;N;0;0;0;0;N
AFV08;Cercado;13.07.2017;C4;P;N;7.9;0;0;0;N
AFV08;Cercado;15.06.2017;C4;P;N;7.9;0;0;0;N
AFV08;Cercado;15.08.2017;C4;P;N;7.9;0;0;0;N
AFV08;Cercado;18.05.2017;C4;N;N;0;0;0;0;N
AFV08;Cercado;25.05.2017;C4;N;N;0;0;0;0;N
AFV08;Cercado;29.06.2017;C4;P;N;7.9;0;0;0;N
AFV08;Cercado;01.06.2017;C5;S;N;22.8;0;0;0;N
AFV08;Cercado;05.05.2017;C5;N;N;0;0;0;0;N
AFV08;Cercado;07.05.2017;C5;N;N;0;0;0;0;N
AFV08;Cercado;11.05.2017;C5;N;N;0;0;0;0;N
AFV08;Cercado;13.07.2017;C5;S;N;22.8;0;0;0;N
AFV08;Cercado;15.06.2017;C5;S;N;22.8;0;0;0;S
AFV08;Cercado;15.08.2017;C5;S;N;22.8;0;0;0;N
AFV08;Cercado;18.05.2017;C5;S;N;22.8;0;0;0;S
AFV08;Cercado;25.05.2017;C5;S;N;22.8;0;0;0;N
AFV08;Cercado;29.06.2017;C5;S;N;22.8;0;0;0;N
AFV08;Cercado;01.06.2017;C6;P;N;5.9;0;0;0;N
AFV08;Cercado;05.05.2017;C6;N;N;0;0;0;0;N
AFV08;Cercado;07.05.2017;C6;N;N;0;0;0;0;N
AFV08;Cercado;11.05.2017;C6;N;N;0;0;0;0;N
AFV08;Cercado;13.07.2017;C6;P;N;5.9;0;0;0;N
AFV08;Cercado;15.06.2017;C6;P;N;5.9;0;0;0;N
AFV08;Cercado;15.08.2017;C6;P;N;5.9;0;0;0;N
AFV08;Cercado;18.05.2017;C6;P;N;5.9;0;0;0;S
AFV08;Cercado;25.05.2017;C6;P;N;5.9;0;0;0;N
AFV08;Cercado;29.06.2017;C6;P;N;5.9;0;0;0;N
AFV08;Cercado;01.06.2017;C7;P;N;11.7;0;0;0;N
AFV08;Cercado;05.05.2017;C7;N;N;0;0;0;0;N
AFV08;Cercado;07.05.2017;C7;N;N;0;0;0;0;N
AFV08;Cercado;11.05.2017;C7;P;N;11.2;0;0;0;S
AFV08;Cercado;13.07.2017;C7;P;N;11.7;0;0;0;N
AFV08;Cercado;15.06.2017;C7;P;N;11.7;0;0;0;N
AFV08;Cercado;15.08.2017;C7;P;N;11.7;0;0;0;N
AFV08;Cercado;18.05.2017;C7;P;N;11.7;0;0;0;N
AFV08;Cercado;25.05.2017;C7;P;N;11.7;0;0;0;N
AFV08;Cercado;29.06.2017;C7;P;N;11.7;0;0;0;N
AFV08;Cercado;01.06.2017;C8;N;N;0;0;0;0;N
AFV08;Cercado;05.05.2017;C8;N;N;0;0;0;0;N
AFV08;Cercado;07.05.2017;C8;N;N;0;0;0;0;N
AFV08;Cercado;11.05.2017;C8;N;N;0;0;0;0;N
AFV08;Cercado;13.07.2017;C8;P;N;9;0;0;0;N
AFV08;Cercado;15.06.2017;C8;P;N;9;0;0;0;S
AFV08;Cercado;15.08.2017;C8;P;N;9;0;0;0;N
AFV08;Cercado;18.05.2017;C8;N;N;0;0;0;0;N
AFV08;Cercado;25.05.2017;C8;N;N;0;0;0;0;N
AFV08;Cercado;29.06.2017;C8;P;N;9;0;0;0;N
AFV08;Cercado;01.06.2017;C9;D;N;6.1;0;0;0;N
AFV08;Cercado;05.05.2017;C9;N;N;0;0;0;0;N
AFV08;Cercado;07.05.2017;C9;N;N;0;0;0;0;N
AFV08;Cercado;11.05.2017;C9;N;N;0;0;0;0;N
AFV08;Cercado;13.07.2017;C9;P;N;6.1;0;0;0;N
AFV08;Cercado;15.06.2017;C9;P;N;6.1;0;0;0;S
AFV08;Cercado;15.08.2017;C9;P;N;6.1;0;0;0;N
AFV08;Cercado;18.05.2017;C9;D;N;6.1;0;0;0;S
AFV08;Cercado;25.05.2017;C9;D;N;6.1;0;0;0;N
AFV08;Cercado;29.06.2017;C9;P;N;6.1;0;0;0;N
AFV09;Cercado Acima;01.06.2017;C1;P;N;10.1;0;0;0;N
AFV09;Cercado Acima;05.05.2017;C1;N;N;0;0;0;0;N
AFV09;Cercado Acima;07.05.2017;C1;N;N;0;0;0;0;N
AFV09;Cercado Acima;11.05.2017;C1;N;N;0;0;0;0;N
AFV09;Cercado Acima;13.07.2017;C1;P;N;10.1;0;0;0;N
AFV09;Cercado Acima;15.06.2017;C1;P;N;10.1;0;0;0;N
AFV09;Cercado Acima;15.08.2017;C1;P;N;10.1;0;0;0;N
AFV09;Cercado Acima;18.05.2017;C1;N;N;0;0;0;0;N
AFV09;Cercado Acima;25.05.2017;C1;P;N;10.1;0;0;0;S
AFV09;Cercado Acima;29.06.2017;C1;P;N;10.1;0;0;0;N
AFV09;Cercado Acima;01.06.2017;C10;S;N;12.4;0;0;0;N
AFV09;Cercado Acima;05.05.2017;C10;N;N;0;0;0;0;N
AFV09;Cercado Acima;07.05.2017;C10;N;N;0;0;0;0;N
AFV09;Cercado Acima;11.05.2017;C10;S;N;12.4;0;0;0;S
AFV09;Cercado Acima;13.07.2017;C10;S;N;12.4;0;0;0;N
AFV09;Cercado Acima;15.06.2017;C10;S;N;12.4;0;0;0;N
AFV09;Cercado Acima;15.08.2017;C10;S;N;12.4;0;0;0;N
AFV09;Cercado Acima;18.05.2017;C10;S;N;12.4;0;0;0;N
AFV09;Cercado Acima;25.05.2017;C10;S;N;12.4;0;0;0;N
AFV09;Cercado Acima;29.06.2017;C10;S;N;12.4;0;0;0;N
AFV09;Cercado Acima;01.06.2017;C2;S;S;11.5;0;0;0;S
AFV09;Cercado Acima;05.05.2017;C2;N;N;0;0;0;0;N
AFV09;Cercado Acima;07.05.2017;C2;N;N;0;0;0;0;N
AFV09;Cercado Acima;11.05.2017;C2;N;N;0;0;0;0;N
AFV09;Cercado Acima;13.07.2017;C2;S;S;11.5;0;0;0;N
AFV09;Cercado Acima;15.06.2017;C2;S;S;11.5;0;0;0;N
AFV09;Cercado Acima;15.08.2017;C2;S;S;11.5;0;0;0;N
AFV09;Cercado Acima;18.05.2017;C2;N;N;0;0;0;0;N
AFV09;Cercado Acima;25.05.2017;C2;D;S;11.5;0;0;0;S
AFV09;Cercado Acima;29.06.2017;C2;S;S;11.5;0;0;0;N
AFV09;Cercado Acima;01.06.2017;C3;P;N;7.2;0;0;0;N
AFV09;Cercado Acima;05.05.2017;C3;N;N;0;0;0;0;N
AFV09;Cercado Acima;07.05.2017;C3;N;N;0;0;0;0;N
AFV09;Cercado Acima;11.05.2017;C3;N;N;0;0;0;0;N
AFV09;Cercado Acima;13.07.2017;C3;P;N;7.2;0;0;0;N
AFV09;Cercado Acima;15.06.2017;C3;P;N;7.2;0;0;0;N
AFV09;Cercado Acima;15.08.2017;C3;P;N;7.2;0;0;0;N
AFV09;Cercado Acima;18.05.2017;C3;N;N;0;0;0;0;N
AFV09;Cercado Acima;25.05.2017;C3;P;N;7.2;0;0;0;S
AFV09;Cercado Acima;29.06.2017;C3;P;N;7.2;0;0;0;N
AFV09;Cercado Acima;01.06.2017;C4;S;N;8;0;0;0;N
AFV09;Cercado Acima;05.05.2017;C4;N;N;0;0;0;0;N
AFV09;Cercado Acima;07.05.2017;C4;N;N;0;0;0;0;N
AFV09;Cercado Acima;11.05.2017;C4;N;N;0;0;0;0;N
AFV09;Cercado Acima;13.07.2017;C4;S;N;8;0;0;0;N
AFV09;Cercado Acima;15.06.2017;C4;S;N;8;0;0;0;N
AFV09;Cercado Acima;15.08.2017;C4;S;N;8;0;0;0;N
AFV09;Cercado Acima;18.05.2017;C4;N;N;0;0;0;0;N
AFV09;Cercado Acima;25.05.2017;C4;S;N;8;0;0;0;S
AFV09;Cercado Acima;29.06.2017;C4;S;N;8;0;0;0;N
AFV09;Cercado Acima;01.06.2017;C5;P;N;23.9;0;0;0;N
AFV09;Cercado Acima;05.05.2017;C5;N;N;0;0;0;0;N
AFV09;Cercado Acima;07.05.2017;C5;N;N;0;0;0;0;N
AFV09;Cercado Acima;11.05.2017;C5;N;N;0;0;0;0;N
AFV09;Cercado Acima;13.07.2017;C5;P;N;23.9;0;0;0;N
AFV09;Cercado Acima;15.06.2017;C5;P;N;23.9;0;0;0;N
AFV09;Cercado Acima;15.08.2017;C5;P;N;23.9;0;0;0;N
AFV09;Cercado Acima;18.05.2017;C5;N;N;0;0;0;0;N
AFV09;Cercado Acima;25.05.2017;C5;P;N;23.9;0;0;0;S
AFV09;Cercado Acima;29.06.2017;C5;P;N;23.9;0;0;0;N
AFV09;Cercado Acima;01.06.2017;C6;S;N;0;0;0;0;N
AFV09;Cercado Acima;05.05.2017;C6;N;N;0;0;0;0;N
AFV09;Cercado Acima;07.05.2017;C6;N;N;0;0;0;0;N
AFV09;Cercado Acima;11.05.2017;C6;N;N;0;0;0;0;N
AFV09;Cercado Acima;13.07.2017;C6;S;N;0;0;0;0;N
AFV09;Cercado Acima;15.06.2017;C6;S;N;0;0;0;0;N
AFV09;Cercado Acima;15.08.2017;C6;S;N;0;0;0;0;N
AFV09;Cercado Acima;18.05.2017;C6;N;N;0;0;0;0;N
AFV09;Cercado Acima;25.05.2017;C6;S;N;0;0;0;0;S
AFV09;Cercado Acima;29.06.2017;C6;S;N;0;0;0;0;N
AFV09;Cercado Acima;01.06.2017;C7;S;N;41.8;0;0;0;N
AFV09;Cercado Acima;05.05.2017;C7;N;N;0;0;0;0;N
AFV09;Cercado Acima;07.05.2017;C7;N;N;0;0;0;0;N
AFV09;Cercado Acima;11.05.2017;C7;N;N;0;0;0;0;N
AFV09;Cercado Acima;13.07.2017;C7;S;N;41.8;0;0;0;N
AFV09;Cercado Acima;15.06.2017;C7;S;N;41.8;0;0;0;N
AFV09;Cercado Acima;15.08.2017;C7;S;N;41.8;0;0;0;N
AFV09;Cercado Acima;18.05.2017;C7;S;N;41.8;0;0;0;S
AFV09;Cercado Acima;25.05.2017;C7;S;N;41.8;0;0;0;N
AFV09;Cercado Acima;29.06.2017;C7;S;N;41.8;0;0;0;N
AFV09;Cercado Acima;01.06.2017;C8;S;N;0;0;0;0;N
AFV09;Cercado Acima;05.05.2017;C8;N;N;0;0;0;0;N
AFV09;Cercado Acima;07.05.2017;C8;N;N;0;0;0;0;N
AFV09;Cercado Acima;11.05.2017;C8;N;N;0;0;0;0;N
AFV09;Cercado Acima;13.07.2017;C8;S;N;0;0;0;0;N
AFV09;Cercado Acima;15.06.2017;C8;S;N;0;0;0;0;N
AFV09;Cercado Acima;15.08.2017;C8;S;N;0;0;0;0;N
AFV09;Cercado Acima;18.05.2017;C8;N;N;0;0;0;0;N
AFV09;Cercado Acima;25.05.2017;C8;S;N;0;0;0;0;S
AFV09;Cercado Acima;29.06.2017;C8;S;N;0;0;0;0;N
AFV09;Cercado Acima;01.06.2017;C9;P;N;31.7;20;8;0;S
AFV09;Cercado Acima;05.05.2017;C9;N;N;0;0;0;0;N
AFV09;Cercado Acima;07.05.2017;C9;N;N;0;0;0;0;N
AFV09;Cercado Acima;11.05.2017;C9;N;N;0;0;0;0;N
AFV09;Cercado Acima;13.07.2017;C9;P;N;31.7;20;8;0;N
AFV09;Cercado Acima;15.06.2017;C9;P;N;31.7;20;8;0;N
AFV09;Cercado Acima;15.08.2017;C9;P;N;31.7;20;8;0;N
AFV09;Cercado Acima;18.05.2017;C9;D;N;24.7;0;0;0;S
AFV09;Cercado Acima;25.05.2017;C9;D;N;23.9;20;0;0;S
AFV09;Cercado Acima;29.06.2017;C9;P;N;31.7;20;8;0;N
AFV10a;Banheira;01.06.2017;C1;S;N;0.6;0;0;0;N
AFV10a;Banheira;05.05.2017;C1;S;N;0.6;0;0;0;S
AFV10a;Banheira;07.05.2017;C1;S;N;0.6;0;0;0;N
AFV10a;Banheira;11.05.2017;C1;S;N;0.6;0;0;0;N
AFV10a;Banheira;13.07.2017;C1;S;N;0.6;0;0;0;N
AFV10a;Banheira;15.06.2017;C1;S;N;0.6;0;0;0;N
AFV10a;Banheira;15.08.2017;C1;S;N;0.6;0;0;0;N
AFV10a;Banheira;18.05.2017;C1;S;N;0.6;0;0;0;N
AFV10a;Banheira;25.05.2017;C1;S;N;0.6;0;0;0;N
AFV10a;Banheira;29.06.2017;C1;S;N;0.6;0;0;0;N
AFV10a;Banheira;01.06.2017;C10;P;N;12.4;0;0;0;N
AFV10a;Banheira;05.05.2017;C10;P;N;12.4;0;0;0;S
AFV10a;Banheira;07.05.2017;C10;P;N;12.4;0;0;0;N
AFV10a;Banheira;11.05.2017;C10;P;N;12.4;0;0;0;N
AFV10a;Banheira;13.07.2017;C10;P;N;12.4;0;0;0;N
AFV10a;Banheira;15.06.2017;C10;P;N;12.4;0;0;0;N
AFV10a;Banheira;15.08.2017;C10;P;N;12.4;0;0;0;N
AFV10a;Banheira;18.05.2017;C10;P;N;12.4;0;0;0;N
AFV10a;Banheira;25.05.2017;C10;P;N;12.4;0;0;0;N
AFV10a;Banheira;29.06.2017;C10;P;N;12.4;0;0;0;N
AFV10a;Banheira;01.06.2017;C2;S;N;2.3;0;0;0;N
AFV10a;Banheira;05.05.2017;C2;S;N;10.1;0;0;0;S
AFV10a;Banheira;07.05.2017;C2;S;N;10.1;0;0;0;N
AFV10a;Banheira;11.05.2017;C2;S;N;10.1;0;0;0;N
AFV10a;Banheira;13.07.2017;C2;S;N;2.3;0;0;0;N
AFV10a;Banheira;15.06.2017;C2;S;N;2.3;0;0;0;N
AFV10a;Banheira;15.08.2017;C2;S;N;2.3;0;0;0;N
AFV10a;Banheira;18.05.2017;C2;S;N;2.3;0;0;0;N
AFV10a;Banheira;25.05.2017;C2;S;N;2.3;0;0;0;N
AFV10a;Banheira;29.06.2017;C2;S;N;2.3;0;0;0;N
AFV10a;Banheira;01.06.2017;C3;P;N;12.4;0;0;0;N
AFV10a;Banheira;05.05.2017;C3;P;N;12.4;0;0;0;S
AFV10a;Banheira;07.05.2017;C3;P;N;12.4;0;0;0;N
AFV10a;Banheira;11.05.2017;C3;P;N;12.4;0;0;0;N
AFV10a;Banheira;13.07.2017;C3;P;N;12.4;0;0;0;N
AFV10a;Banheira;15.06.2017;C3;P;N;12.4;0;0;0;N
AFV10a;Banheira;15.08.2017;C3;P;N;12.4;0;0;0;N
AFV10a;Banheira;18.05.2017;C3;P;N;12.4;0;0;0;N
AFV10a;Banheira;25.05.2017;C3;P;N;12.4;0;0;0;N
AFV10a;Banheira;29.06.2017;C3;P;N;12.4;0;0;0;N
AFV10a;Banheira;01.06.2017;C4;S;N;10.1;0;0;0;N
AFV10a;Banheira;05.05.2017;C4;N;N;0;0;0;0;N
AFV10a;Banheira;07.05.2017;C4;N;N;0;0;0;0;N
AFV10a;Banheira;11.05.2017;C4;N;N;0;0;0;0;N
AFV10a;Banheira;13.07.2017;C4;S;N;10.1;0;0;0;N
AFV10a;Banheira;15.06.2017;C4;S;N;10.1;0;0;0;N
AFV10a;Banheira;15.08.2017;C4;S;N;10.1;0;0;0;N
AFV10a;Banheira;18.05.2017;C4;S;N;10.1;0;0;0;N
AFV10a;Banheira;25.05.2017;C4;S;N;10.1;0;0;0;N
AFV10a;Banheira;29.06.2017;C4;S;N;10.1;0;0;0;N
AFV10a;Banheira;01.06.2017;C5;P;N;7.2;0;0;0;N
AFV10a;Banheira;05.05.2017;C5;N;N;0;0;0;0;N
AFV10a;Banheira;07.05.2017;C5;P;N;7.2;0;0;0;S
AFV10a;Banheira;11.05.2017;C5;P;N;7.2;0;0;0;N
AFV10a;Banheira;13.07.2017;C5;P;N;7.2;0;0;0;N
AFV10a;Banheira;15.06.2017;C5;P;N;7.2;0;0;0;N
AFV10a;Banheira;15.08.2017;C5;P;N;7.2;0;0;0;N
AFV10a;Banheira;18.05.2017;C5;P;N;7.2;0;0;0;N
AFV10a;Banheira;25.05.2017;C5;P;N;7.2;0;0;0;N
AFV10a;Banheira;29.06.2017;C5;P;N;7.2;0;0;0;N
AFV10a;Banheira;01.06.2017;C6;P;N;12.4;0;0;0;N
AFV10a;Banheira;05.05.2017;C6;P;N;12.4;0;0;0;S
AFV10a;Banheira;07.05.2017;C6;P;N;12.4;0;0;0;N
AFV10a;Banheira;11.05.2017;C6;P;N;12.4;0;0;0;N
AFV10a;Banheira;13.07.2017;C6;P;N;12.4;0;0;0;N
AFV10a;Banheira;15.06.2017;C6;P;N;12.4;0;0;0;N
AFV10a;Banheira;15.08.2017;C6;P;N;12.4;0;0;0;N
AFV10a;Banheira;18.05.2017;C6;P;N;12.4;0;0;0;N
AFV10a;Banheira;25.05.2017;C6;P;N;12.4;0;0;0;N
AFV10a;Banheira;29.06.2017;C6;P;N;12.4;0;0;0;N
AFV10a;Banheira;01.06.2017;C7;S;N;14.6;0;0;0;N
AFV10a;Banheira;05.05.2017;C7;S;N;14.6;0;0;0;S
AFV10a;Banheira;07.05.2017;C7;S;N;14.6;0;0;0;N
AFV10a;Banheira;11.05.2017;C7;S;N;14.6;0;0;0;N
AFV10a;Banheira;13.07.2017;C7;S;N;14.6;0;0;0;N
AFV10a;Banheira;15.06.2017;C7;S;N;14.6;0;0;0;N
AFV10a;Banheira;15.08.2017;C7;S;N;14.6;0;0;0;N
AFV10a;Banheira;18.05.2017;C7;S;N;14.6;0;0;0;N
AFV10a;Banheira;25.05.2017;C7;S;N;14.6;0;0;0;N
AFV10a;Banheira;29.06.2017;C7;S;N;14.6;0;0;0;N
AFV10a;Banheira;01.06.2017;C8;S;N;9;0;0;0;N
AFV10a;Banheira;05.05.2017;C8;S;N;9;0;0;0;S
AFV10a;Banheira;07.05.2017;C8;S;N;9;0;0;0;N
AFV10a;Banheira;11.05.2017;C8;S;N;9;0;0;0;N
AFV10a;Banheira;13.07.2017;C8;S;N;9;0;0;0;N
AFV10a;Banheira;15.06.2017;C8;S;N;9;0;0;0;N
AFV10a;Banheira;15.08.2017;C8;S;N;9;0;0;0;N
AFV10a;Banheira;18.05.2017;C8;S;N;9;0;0;0;N
AFV10a;Banheira;25.05.2017;C8;S;N;9;0;0;0;N
AFV10a;Banheira;29.06.2017;C8;S;N;9;0;0;0;N
AFV10a;Banheira;01.06.2017;C9;P;N;12.4;0;0;0;N
AFV10a;Banheira;05.05.2017;C9;N;N;0;0;0;0;N
AFV10a;Banheira;07.05.2017;C9;D;S;12.4;0;0;0;S
AFV10a;Banheira;11.05.2017;C9;D;S;12.4;0;0;0;N
AFV10a;Banheira;13.07.2017;C9;P;N;12.4;0;0;0;N
AFV10a;Banheira;15.06.2017;C9;P;N;12.4;0;0;0;N
AFV10a;Banheira;15.08.2017;C9;P;N;12.4;0;0;0;N
AFV10a;Banheira;18.05.2017;C9;D;S;12.4;0;0;0;N
AFV10a;Banheira;25.05.2017;C9;P;N;12.4;0;0;0;S
AFV10a;Banheira;29.06.2017;C9;P;N;12.4;0;0;0;N
AFV11;Casa do Pesquisador;01.06.2017;C1;D;S;17;0;0;0;N
AFV11;Casa do Pesquisador;05.05.2017;C1;N;N;0;0;0;0;N
AFV11;Casa do Pesquisador;07.05.2017;C1;D;S;17;0;0;0;S
AFV11;Casa do Pesquisador;11.05.2017;C1;D;S;17;0;0;0;S
AFV11;Casa do Pesquisador;13.07.2017;C1;S;S;17;0;0;0;N
AFV11;Casa do Pesquisador;15.06.2017;C1;S;S;17;0;0;0;S
AFV11;Casa do Pesquisador;15.08.2017;C1;S;S;17;0;0;0;N
AFV11;Casa do Pesquisador;18.05.2017;C1;D;S;17;0;0;0;N
AFV11;Casa do Pesquisador;25.05.2017;C1;D;S;17;0;0;0;N
AFV11;Casa do Pesquisador;29.06.2017;C1;S;S;17;0;0;0;N
AFV11;Casa do Pesquisador;01.06.2017;C10;D;S;15.7;12;0;0;N
AFV11;Casa do Pesquisador;05.05.2017;C10;N;N;0;0;0;0;N
AFV11;Casa do Pesquisador;07.05.2017;C10;D;S;0.9;0;0;0;S
AFV11;Casa do Pesquisador;11.05.2017;C10;D;S;15.7;12;0;0;S
AFV11;Casa do Pesquisador;13.07.2017;C10;D;S;15.7;12;0;0;N
AFV11;Casa do Pesquisador;15.06.2017;C10;D;S;15.7;12;0;0;N
AFV11;Casa do Pesquisador;15.08.2017;C10;D;S;15.7;12;0;0;N
AFV11;Casa do Pesquisador;18.05.2017;C10;D;S;15.7;12;0;0;N
AFV11;Casa do Pesquisador;25.05.2017;C10;D;S;15.7;12;0;0;N
AFV11;Casa do Pesquisador;29.06.2017;C10;D;S;15.7;12;0;0;N
AFV11;Casa do Pesquisador;01.06.2017;C2;D;S;23.6;0;0;0;N
AFV11;Casa do Pesquisador;05.05.2017;C2;N;N;0;0;0;0;N
AFV11;Casa do Pesquisador;07.05.2017;C2;D;S;23.6;0;0;0;S
AFV11;Casa do Pesquisador;11.05.2017;C2;D;S;23.6;0;0;0;N
AFV11;Casa do Pesquisador;13.07.2017;C2;S;S;23.6;0;0;0;N
AFV11;Casa do Pesquisador;15.06.2017;C2;S;S;23.6;0;0;0;N
AFV11;Casa do Pesquisador;15.08.2017;C2;S;S;23.6;0;0;0;N
AFV11;Casa do Pesquisador;18.05.2017;C2;D;S;23.6;0;0;0;N
AFV11;Casa do Pesquisador;25.05.2017;C2;D;S;23.6;0;0;0;N
AFV11;Casa do Pesquisador;29.06.2017;C2;S;S;23.6;0;0;0;N
AFV11;Casa do Pesquisador;01.06.2017;C3;N;N;0;0;0;0;N
AFV11;Casa do Pesquisador;05.05.2017;C3;N;N;0;0;0;0;N
AFV11;Casa do Pesquisador;07.05.2017;C3;N;N;0;0;0;0;N
AFV11;Casa do Pesquisador;11.05.2017;C3;N;N;0;0;0;0;N
AFV11;Casa do Pesquisador;13.07.2017;C3;N;N;0;0;0;0;N
AFV11;Casa do Pesquisador;15.06.2017;C3;N;N;0;0;0;0;N
AFV11;Casa do Pesquisador;15.08.2017;C3;N;N;0;0;0;0;N
AFV11;Casa do Pesquisador;18.05.2017;C3;N;N;0;0;0;0;N
AFV11;Casa do Pesquisador;25.05.2017;C3;N;N;0;0;0;0;N
AFV11;Casa do Pesquisador;29.06.2017;C3;N;N;0;0;0;0;N
AFV11;Casa do Pesquisador;01.06.2017;C4;S;N;11.5;2;0;0;N
AFV11;Casa do Pesquisador;05.05.2017;C4;N;N;0;0;0;0;N
AFV11;Casa do Pesquisador;07.05.2017;C4;D;S;10.7;0;0;0;S
AFV11;Casa do Pesquisador;11.05.2017;C4;S;N;11.5;2;0;0;S
AFV11;Casa do Pesquisador;13.07.2017;C4;S;N;11.5;2;0;0;N
AFV11;Casa do Pesquisador;15.06.2017;C4;S;N;11.5;2;0;0;N
AFV11;Casa do Pesquisador;15.08.2017;C4;S;N;11.5;2;0;0;N
AFV11;Casa do Pesquisador;18.05.2017;C4;S;N;11.5;2;0;0;N
AFV11;Casa do Pesquisador;25.05.2017;C4;S;N;11.5;2;0;0;N
AFV11;Casa do Pesquisador;29.06.2017;C4;S;N;11.5;2;0;0;N
AFV11;Casa do Pesquisador;01.06.2017;C5;S;N;11.8;0;0;0;N
AFV11;Casa do Pesquisador;05.05.2017;C5;N;N;0;0;0;0;N
AFV11;Casa do Pesquisador;07.05.2017;C5;S;N;11.8;0;0;0;S
AFV11;Casa do Pesquisador;11.05.2017;C5;S;N;11.8;0;0;0;N
AFV11;Casa do Pesquisador;13.07.2017;C5;S;N;11.8;0;0;0;N
AFV11;Casa do Pesquisador;15.06.2017;C5;S;N;11.8;0;0;0;N
AFV11;Casa do Pesquisador;15.08.2017;C5;S;N;11.8;0;0;0;N
AFV11;Casa do Pesquisador;18.05.2017;C5;S;N;11.8;0;0;0;N
AFV11;Casa do Pesquisador;25.05.2017;C5;S;N;11.8;0;0;0;N
AFV11;Casa do Pesquisador;29.06.2017;C5;S;N;11.8;0;0;0;N
AFV11;Casa do Pesquisador;01.06.2017;C6;D;S;47.4;0;0;0;N
AFV11;Casa do Pesquisador;05.05.2017;C6;N;N;0;0;0;0;N
AFV11;Casa do Pesquisador;07.05.2017;C6;D;S;47.4;0;0;0;S
AFV11;Casa do Pesquisador;11.05.2017;C6;D;S;47.4;0;0;0;N
AFV11;Casa do Pesquisador;13.07.2017;C6;D;S;47.4;0;0;0;N
AFV11;Casa do Pesquisador;15.06.2017;C6;D;S;47.4;0;0;0;N
AFV11;Casa do Pesquisador;15.08.2017;C6;D;S;47.4;0;0;0;N
AFV11;Casa do Pesquisador;18.05.2017;C6;D;S;47.4;0;0;0;N
AFV11;Casa do Pesquisador;25.05.2017;C6;D;S;47.4;0;0;0;N
AFV11;Casa do Pesquisador;29.06.2017;C6;D;S;47.4;0;0;0;N
AFV11;Casa do Pesquisador;01.06.2017;C7;D;S;8.7;0;0;0;N
AFV11;Casa do Pesquisador;05.05.2017;C7;N;N;0;0;0;0;N
AFV11;Casa do Pesquisador;07.05.2017;C7;D;S;8.7;0;0;0;S
AFV11;Casa do Pesquisador;11.05.2017;C7;D;S;8.7;0;0;0;N
AFV11;Casa do Pesquisador;13.07.2017;C7;D;S;8.7;0;0;0;N
AFV11;Casa do Pesquisador;15.06.2017;C7;D;S;8.7;0;0;0;N
AFV11;Casa do Pesquisador;15.08.2017;C7;D;S;8.7;0;0;0;N
AFV11;Casa do Pesquisador;18.05.2017;C7;D;S;8.7;0;0;0;N
AFV11;Casa do Pesquisador;25.05.2017;C7;D;S;8.7;0;0;0;N
AFV11;Casa do Pesquisador;29.06.2017;C7;D;S;8.7;0;0;0;N
AFV11;Casa do Pesquisador;01.06.2017;C8;P;S;16.8;6;0;0;N
AFV11;Casa do Pesquisador;05.05.2017;C8;N;N;0;0;0;0;N
AFV11;Casa do Pesquisador;07.05.2017;C8;D;S;10.7;0;0;0;S
AFV11;Casa do Pesquisador;11.05.2017;C8;D;S;10.7;0;0;0;N
AFV11;Casa do Pesquisador;13.07.2017;C8;P;S;16.8;6;0;0;N
AFV11;Casa do Pesquisador;15.06.2017;C8;P;S;16.8;6;0;0;N
AFV11;Casa do Pesquisador;15.08.2017;C8;P;S;16.8;6;0;0;N
AFV11;Casa do Pesquisador;18.05.2017;C8;P;S;16.8;6;0;0;S
AFV11;Casa do Pesquisador;25.05.2017;C8;P;S;16.8;6;0;0;N
AFV11;Casa do Pesquisador;29.06.2017;C8;P;S;16.8;6;0;0;N
AFV11;Casa do Pesquisador;01.06.2017;C9;D;S;16.8;14;0;0;N
AFV11;Casa do Pesquisador;05.05.2017;C9;N;N;0;0;0;0;N
AFV11;Casa do Pesquisador;07.05.2017;C9;D;S;1.1;0;0;0;S
AFV11;Casa do Pesquisador;11.05.2017;C9;D;S;16.8;14;0;0;S
AFV11;Casa do Pesquisador;13.07.2017;C9;D;S;30.3;14;16;0;N
AFV11;Casa do Pesquisador;15.06.2017;C9;D;S;16.8;14;0;0;N
AFV11;Casa do Pesquisador;15.08.2017;C9;D;S;30.3;14;16;0;N
AFV11;Casa do Pesquisador;18.05.2017;C9;D;S;16.8;14;0;0;N
AFV11;Casa do Pesquisador;25.05.2017;C9;D;S;16.8;14;0;0;N
AFV11;Casa do Pesquisador;29.06.2017;C9;D;S;30.3;14;16;0;S
AFV12;Anathema;01.06.2017;C1;D;S;10.7;2;0;0;N
AFV12;Anathema;05.05.2017;C1;D;S;10.5;0;0;0;S
AFV12;Anathema;07.05.2017;C1;D;S;10.5;0;0;0;N
AFV12;Anathema;11.05.2017;C1;D;S;10.7;2;0;0;S
AFV12;Anathema;13.07.2017;C1;P;S;13.5;2;0;0;N
AFV12;Anathema;15.06.2017;C1;P;S;13.5;2;0;0;S
AFV12;Anathema;15.08.2017;C1;P;S;13.5;2;0;0;N
AFV12;Anathema;18.05.2017;C1;D;S;10.7;2;0;0;N
AFV12;Anathema;25.05.2017;C1;D;S;10.7;2;0;0;N
AFV12;Anathema;29.06.2017;C1;P;S;13.5;2;0;0;N
AFV12;Anathema;01.06.2017;C10;D;N;6.8;3.5;0;0;N
AFV12;Anathema;05.05.2017;C10;D;N;15.7;0;0;0;S
AFV12;Anathema;07.05.2017;C10;D;N;15.7;0;0;0;N
AFV12;Anathema;11.05.2017;C10;D;N;15.7;0;0;0;N
AFV12;Anathema;13.07.2017;C10;P;N;13.5;3.5;0;0;N
AFV12;Anathema;15.06.2017;C10;P;N;13.5;3.5;0;0;S
AFV12;Anathema;15.08.2017;C10;P;N;13.5;3.5;0;0;N
AFV12;Anathema;18.05.2017;C10;D;N;18;3.5;0;0;N
AFV12;Anathema;25.05.2017;C10;D;N;18;3.5;0;0;N
AFV12;Anathema;29.06.2017;C10;P;N;13.5;3.5;0;0;N
AFV12;Anathema;01.06.2017;C2;D;N;11.2;4;2;1;N
AFV12;Anathema;05.05.2017;C2;D;N;3.7;0;0;0;S
AFV12;Anathema;07.05.2017;C2;D;N;9;4;0;0;S
AFV12;Anathema;11.05.2017;C2;D;N;10.2;4;2;0;S
AFV12;Anathema;13.07.2017;C2;P;N;28;4;2;1;N
AFV12;Anathema;15.06.2017;C2;P;N;28;4;2;1;S
AFV12;Anathema;15.08.2017;C2;P;N;28;4;2;1;N
AFV12;Anathema;18.05.2017;C2;D;N;16.8;4;2;1;S
AFV12;Anathema;25.05.2017;C2;D;N;16.8;4;2;1;N
AFV12;Anathema;29.06.2017;C2;P;N;28;4;2;1;N
AFV12;Anathema;01.06.2017;C3;P;S;26;0;0;0;N
AFV12;Anathema;05.05.2017;C3;N;S;6.3;0;0;0;S
AFV12;Anathema;07.05.2017;C3;N;S;6.3;0;0;0;N
AFV12;Anathema;11.05.2017;C3;D;S;6.3;0;0;0;N
AFV12;Anathema;13.07.2017;C3;P;S;26;0;0;0;N
AFV12;Anathema;15.06.2017;C3;P;S;26;0;0;0;N
AFV12;Anathema;15.08.2017;C3;P;S;26;0;0;0;N
AFV12;Anathema;18.05.2017;C3;S;S;6.3;0;0;0;S
AFV12;Anathema;25.05.2017;C3;P;S;26;0;0;0;S
AFV12;Anathema;29.06.2017;C3;P;S;26;0;0;0;N
AFV12;Anathema;01.06.2017;C4;S;S;4;0;0;0;N
AFV12;Anathema;05.05.2017;C4;N;N;0;0;0;0;N
AFV12;Anathema;07.05.2017;C4;N;N;0;0;0;0;N
AFV12;Anathema;11.05.2017;C4;D;S;4;0;0;0;S
AFV12;Anathema;13.07.2017;C4;S;S;4;0;0;0;N
AFV12;Anathema;15.06.2017;C4;S;S;4;0;0;0;N
AFV12;Anathema;15.08.2017;C4;S;S;4;0;0;0;N
AFV12;Anathema;18.05.2017;C4;S;S;4;0;0;0;S
AFV12;Anathema;25.05.2017;C4;S;S;4;0;0;0;N
AFV12;Anathema;29.06.2017;C4;S;S;4;0;0;0;N
AFV12;Anathema;01.06.2017;C5;S;N;9.2;5.5;0;0;N
AFV12;Anathema;05.05.2017;C5;N;N;0;0;0;0;N
AFV12;Anathema;07.05.2017;C5;D;N;8;0;0;0;S
AFV12;Anathema;11.05.2017;C5;D;N;9.2;5.5;0;0;S
AFV12;Anathema;13.07.2017;C5;S;N;9.2;5.5;0;0;N
AFV12;Anathema;15.06.2017;C5;S;N;9.2;5.5;0;0;N
AFV12;Anathema;15.08.2017;C5;S;N;9.2;5.5;0;0;N
AFV12;Anathema;18.05.2017;C5;S;N;9.2;5.5;0;0;S
AFV12;Anathema;25.05.2017;C5;S;N;9.2;5.5;0;0;N
AFV12;Anathema;29.06.2017;C5;S;N;9.2;5.5;0;0;N
AFV12;Anathema;01.06.2017;C6;D;N;3.4;2;0;0;N
AFV12;Anathema;05.05.2017;C6;N;N;0;0;0;0;N
AFV12;Anathema;07.05.2017;C6;N;N;0;0;0;0;N
AFV12;Anathema;11.05.2017;C6;D;N;7.9;0;0;0;S
AFV12;Anathema;13.07.2017;C6;P;N;14.6;2;0;0;N
AFV12;Anathema;15.06.2017;C6;P;N;14.6;2;0;0;S
AFV12;Anathema;15.08.2017;C6;P;N;14.6;2;0;0;N
AFV12;Anathema;18.05.2017;C6;D;N;7.9;2;0;0;S
AFV12;Anathema;25.05.2017;C6;D;N;7.9;2;0;0;N
AFV12;Anathema;29.06.2017;C6;P;N;14.6;2;0;0;N
AFV12;Anathema;01.06.2017;C7;P;S;8.8;0;0;0;S
AFV12;Anathema;05.05.2017;C7;D;S;6.8;0;0;0;S
AFV12;Anathema;07.05.2017;C7;D;S;6.8;0;0;0;N
AFV12;Anathema;11.05.2017;C7;D;S;6.8;0;0;0;N
AFV12;Anathema;13.07.2017;C7;P;S;8.8;0;0;0;N
AFV12;Anathema;15.06.2017;C7;P;S;8.8;0;0;0;N
AFV12;Anathema;15.08.2017;C7;P;S;8.8;0;0;0;N
AFV12;Anathema;18.05.2017;C7;D;S;6.8;0;0;0;N
AFV12;Anathema;25.05.2017;C7;D;S;6.8;0;0;0;N
AFV12;Anathema;29.06.2017;C7;P;S;8.8;0;0;0;N
AFV12;Anathema;01.06.2017;C8;D;N;3.4;0.8;0.5;0;N
AFV12;Anathema;05.05.2017;C8;D;N;1.1;0;0;0;S
AFV12;Anathema;07.05.2017;C8;D;N;1.1;0;0;0;N
AFV12;Anathema;11.05.2017;C8;D;N;2.5;0.8;0;0;N
AFV12;Anathema;13.07.2017;C8;P;N;3.4;0.8;0.5;0;N
AFV12;Anathema;15.06.2017;C8;P;N;3.4;0.8;0.5;0;S
AFV12;Anathema;15.08.2017;C8;P;N;3.4;0.8;0.5;0;N
AFV12;Anathema;18.05.2017;C8;D;N;3.4;0.8;0.5;0;N
AFV12;Anathema;25.05.2017;C8;D;N;3.4;0.8;0.5;0;N
AFV12;Anathema;29.06.2017;C8;P;N;3.4;0.8;0.5;0;N
AFV12;Anathema;01.06.2017;C9;D;N;1.2;0.3;0;0;N
AFV12;Anathema;05.05.2017;C9;D;N;1.2;0;0;0;S
AFV12;Anathema;07.05.2017;C9;D;N;1.2;0;0;0;N
AFV12;Anathema;11.05.2017;C9;D;N;1.2;0;0;0;N
AFV12;Anathema;13.07.2017;C9;P;N;7.9;0.3;0;0;N
AFV12;Anathema;15.06.2017;C9;P;N;7.9;0.3;0;0;S
AFV12;Anathema;15.08.2017;C9;P;N;7.9;0.3;0;0;N
AFV12;Anathema;18.05.2017;C9;D;N;1.2;0;0;0;N
AFV12;Anathema;25.05.2017;C9;D;N;1.2;0.3;0;0;S 
AFV12;Anathema;29.06.2017;C9;P;N;7.9;0.3;0;0;N
AFV13;Centro de Visitantes;01.06.2017;C1;P;N;0;0;0;0;S
AFV13;Centro de Visitantes;05.05.2017;C1;N;N;0;0;0;0;N
AFV13;Centro de Visitantes;07.05.2017;C1;D;N;19.1;0;0;0;S
AFV13;Centro de Visitantes;11.05.2017;C1;D;N;19.1;0;0;0;N
AFV13;Centro de Visitantes;13.07.2017;C1;P;N;0;0;0;0;N
AFV13;Centro de Visitantes;15.06.2017;C1;P;N;0;0;0;0;N
AFV13;Centro de Visitantes;15.08.2017;C1;P;N;0;0;0;0;N
AFV13;Centro de Visitantes;18.05.2017;C1;P;N;0;0;0;0;S
AFV13;Centro de Visitantes;25.05.2017;C1;P;N;0;0;0;0;N
AFV13;Centro de Visitantes;29.06.2017;C1;P;N;0;0;0;0;N
AFV13;Centro de Visitantes;01.06.2017;C10;S;N;12.4;0;0;0;N
AFV13;Centro de Visitantes;05.05.2017;C10;N;N;0;0;0;0;N
AFV13;Centro de Visitantes;07.05.2017;C10;S;N;12.4;0;0;0;S
AFV13;Centro de Visitantes;11.05.2017;C10;S;N;12.4;0;0;0;N
AFV13;Centro de Visitantes;13.07.2017;C10;S;N;12.4;0;0;0;N
AFV13;Centro de Visitantes;15.06.2017;C10;S;N;12.4;0;0;0;N
AFV13;Centro de Visitantes;15.08.2017;C10;S;N;12.4;0;0;0;N
AFV13;Centro de Visitantes;18.05.2017;C10;S;N;12.4;0;0;0;N
AFV13;Centro de Visitantes;25.05.2017;C10;S;N;12.4;0;0;0;N
AFV13;Centro de Visitantes;29.06.2017;C10;S;N;12.4;0;0;0;N
AFV13;Centro de Visitantes;01.06.2017;C2;S;S;23.6;3;0;0;N
AFV13;Centro de Visitantes;05.05.2017;C2;N;N;0;0;0;0;N
AFV13;Centro de Visitantes;07.05.2017;C2;D;S;30.3;0;0;0;S
AFV13;Centro de Visitantes;11.05.2017;C2;S;S;23.6;3;0;0;S
AFV13;Centro de Visitantes;13.07.2017;C2;S;S;23.6;3;0;0;N
AFV13;Centro de Visitantes;15.06.2017;C2;S;S;23.6;3;0;0;N
AFV13;Centro de Visitantes;15.08.2017;C2;S;S;23.6;3;0;0;N
AFV13;Centro de Visitantes;18.05.2017;C2;S;S;23.6;3;0;0;N
AFV13;Centro de Visitantes;25.05.2017;C2;S;S;23.6;3;0;0;N
AFV13;Centro de Visitantes;29.06.2017;C2;S;S;23.6;3;0;0;N
AFV13;Centro de Visitantes;01.06.2017;C3;S;N;10.1;0;0;0;N
AFV13;Centro de Visitantes;05.05.2017;C3;N;N;0;0;0;0;N
AFV13;Centro de Visitantes;07.05.2017;C3;S;N;10.1;0;0;0;S
AFV13;Centro de Visitantes;11.05.2017;C3;S;N;10.1;0;0;0;N
AFV13;Centro de Visitantes;13.07.2017;C3;S;N;10.1;0;0;0;N
AFV13;Centro de Visitantes;15.06.2017;C3;S;N;10.1;0;0;0;N
AFV13;Centro de Visitantes;15.08.2017;C3;S;N;10.1;0;0;0;N
AFV13;Centro de Visitantes;18.05.2017;C3;S;N;10.1;0;0;0;N
AFV13;Centro de Visitantes;25.05.2017;C3;S;N;10.1;0;0;0;N
AFV13;Centro de Visitantes;29.06.2017;C3;S;N;10.1;0;0;0;N
AFV13;Centro de Visitantes;01.06.2017;C4;S;N;28;0;0;0;N
AFV13;Centro de Visitantes;05.05.2017;C4;N;N;0;0;0;0;N
AFV13;Centro de Visitantes;07.05.2017;C4;S;N;28;0;0;0;S
AFV13;Centro de Visitantes;11.05.2017;C4;S;N;28;0;0;0;N
AFV13;Centro de Visitantes;13.07.2017;C4;S;N;28;0;0;0;N
AFV13;Centro de Visitantes;15.06.2017;C4;S;N;28;0;0;0;N
AFV13;Centro de Visitantes;15.08.2017;C4;S;N;28;0;0;0;N
AFV13;Centro de Visitantes;18.05.2017;C4;S;N;28;0;0;0;N
AFV13;Centro de Visitantes;25.05.2017;C4;S;N;28;0;0;0;N
AFV13;Centro de Visitantes;29.06.2017;C4;S;N;28;0;0;0;N
AFV13;Centro de Visitantes;01.06.2017;C5;S;N;20.2;0;0;0;N
AFV13;Centro de Visitantes;05.05.2017;C5;N;N;0;0;0;0;N
AFV13;Centro de Visitantes;07.05.2017;C5;D;N;32.5;0;0;0;S
AFV13;Centro de Visitantes;11.05.2017;C5;D;N;32.5;0;0;0;N
AFV13;Centro de Visitantes;13.07.2017;C5;P;N;0;0;0;0;S
AFV13;Centro de Visitantes;15.06.2017;C5;P;N;0;0;0;0;N
AFV13;Centro de Visitantes;15.08.2017;C5;P;N;0;0;0;0;N
AFV13;Centro de Visitantes;18.05.2017;C5;P;N;0;0;0;0;S
AFV13;Centro de Visitantes;25.05.2017;C5;P;N;0;0;0;0;N
AFV13;Centro de Visitantes;29.06.2017;C5;P;N;0;0;0;0;N
AFV13;Centro de Visitantes;01.06.2017;C6;S;N;30.3;0;0;0;N
AFV13;Centro de Visitantes;05.05.2017;C6;N;N;0;0;0;0;N
AFV13;Centro de Visitantes;07.05.2017;C6;S;N;30.3;0;0;0;S
AFV13;Centro de Visitantes;11.05.2017;C6;S;N;30.3;0;0;0;N
AFV13;Centro de Visitantes;13.07.2017;C6;S;N;30.3;0;0;0;N
AFV13;Centro de Visitantes;15.06.2017;C6;S;N;30.3;0;0;0;N
AFV13;Centro de Visitantes;15.08.2017;C6;S;N;30.3;0;0;0;N
AFV13;Centro de Visitantes;18.05.2017;C6;S;N;30.3;0;0;0;N
AFV13;Centro de Visitantes;25.05.2017;C6;S;N;30.3;0;0;0;N
AFV13;Centro de Visitantes;29.06.2017;C6;S;N;30.3;0;0;0;N
AFV13;Centro de Visitantes;01.06.2017;C7;D;S;24.7;0;0;0;N
AFV13;Centro de Visitantes;05.05.2017;C7;N;N;0;0;0;0;N
AFV13;Centro de Visitantes;07.05.2017;C7;N;N;0;0;0;0;N
AFV13;Centro de Visitantes;11.05.2017;C7;N;N;0;0;0;0;N
AFV13;Centro de Visitantes;13.07.2017;C7;P;N;0;0;0;0;N
AFV13;Centro de Visitantes;15.06.2017;C7;P;N;0;0;0;0;S
AFV13;Centro de Visitantes;15.08.2017;C7;P;N;0;0;0;0;N
AFV13;Centro de Visitantes;18.05.2017;C7;D;S;24.7;0;0;0;S
AFV13;Centro de Visitantes;25.05.2017;C7;D;S;24.7;0;0;0;N
AFV13;Centro de Visitantes;29.06.2017;C7;P;N;0;0;0;0;N
AFV13;Centro de Visitantes;01.06.2017;C8;S;N;9;0;0;0;N
AFV13;Centro de Visitantes;05.05.2017;C8;N;N;0;0;0;0;N
AFV13;Centro de Visitantes;07.05.2017;C8;D;S;9;0;0;0;S
AFV13;Centro de Visitantes;11.05.2017;C8;D;N;9;0;0;0;N
AFV13;Centro de Visitantes;13.07.2017;C8;P;N;9;0;0;0;N
AFV13;Centro de Visitantes;15.06.2017;C8;P;N;9;0;0;0;N
AFV13;Centro de Visitantes;15.08.2017;C8;P;N;9;0;0;0;N
AFV13;Centro de Visitantes;18.05.2017;C8;D;N;9;0;0;0;N
AFV13;Centro de Visitantes;25.05.2017;C8;D;N;9;0;0;0;N
AFV13;Centro de Visitantes;29.06.2017;C8;P;N;9;0;0;0;S
AFV13;Centro de Visitantes;01.06.2017;C9;P;N;12.4;0;0;0;N
AFV13;Centro de Visitantes;05.05.2017;C9;N;N;0;0;0;0;N
AFV13;Centro de Visitantes;07.05.2017;C9;S;N;12.4;0;0;0;S
AFV13;Centro de Visitantes;11.05.2017;C9;S;N;12.4;0;0;0;N
AFV13;Centro de Visitantes;13.07.2017;C9;S;N;12.4;0;0;0;N
AFV13;Centro de Visitantes;15.06.2017;C9;S;N;12.4;0;0;0;N
AFV13;Centro de Visitantes;15.08.2017;C9;S;N;12.4;0;0;0;N
AFV13;Centro de Visitantes;18.05.2017;C9;S;N;12.4;0;0;0;N
AFV13;Centro de Visitantes;25.05.2017;C9;S;N;12.4;0;0;0;N
AFV13;Centro de Visitantes;29.06.2017;C9;S;N;12.4;0;0;0;N
AFV14;Capela;01.06.2017;C1;S;S;44.8;16.7;0;0;N
AFV14;Capela;05.05.2017;C1;N;N;0;0;0;0;N
AFV14;Capela;07.05.2017;C1;N;N;0;0;0;0;N
AFV14;Capela;11.05.2017;C1;N;N;0;0;0;0;N
AFV14;Capela;13.07.2017;C1;S;S;44.8;16.7;0;0;N
AFV14;Capela;15.06.2017;C1;S;S;44.8;16.7;0;0;N
AFV14;Capela;15.08.2017;C1;S;S;44.8;16.7;0;0;N
AFV14;Capela;18.05.2017;C1;D;S;29.6;0;0;0;S
AFV14;Capela;25.05.2017;C1;S;S;44.8;16.7;0;0;S
AFV14;Capela;29.06.2017;C1;S;S;44.8;16.7;0;0;N
AFV14;Capela;01.06.2017;C10;S;N;0;0;0;0;N
AFV14;Capela;05.05.2017;C10;N;N;0;0;0;0;N
AFV14;Capela;07.05.2017;C10;N;N;0;0;0;0;N
AFV14;Capela;11.05.2017;C10;N;N;0;0;0;0;N
AFV14;Capela;13.07.2017;C10;S;N;0;0;0;0;N
AFV14;Capela;15.06.2017;C10;S;N;0;0;0;0;N
AFV14;Capela;15.08.2017;C10;S;N;0;0;0;0;N
AFV14;Capela;18.05.2017;C10;S;N;0;0;0;0;S
AFV14;Capela;25.05.2017;C10;S;N;0;0;0;0;N
AFV14;Capela;29.06.2017;C10;S;N;0;0;0;0;N
AFV14;Capela;01.06.2017;C2;S;N;21.3;0;0;0;N
AFV14;Capela;05.05.2017;C2;N;N;0;0;0;0;N
AFV14;Capela;07.05.2017;C2;N;N;0;0;0;0;N
AFV14;Capela;11.05.2017;C2;N;N;0;0;0;0;N
AFV14;Capela;13.07.2017;C2;S;N;21.3;0;0;0;N
AFV14;Capela;15.06.2017;C2;S;N;21.3;0;0;0;N
AFV14;Capela;15.08.2017;C2;S;N;21.3;0;0;0;N
AFV14;Capela;18.05.2017;C2;S;N;21.3;0;0;0;S
AFV14;Capela;25.05.2017;C2;S;N;21.3;0;0;0;N
AFV14;Capela;29.06.2017;C2;S;N;21.3;0;0;0;N
AFV14;Capela;01.06.2017;C3;S;N;20.2;0;0;0;N
AFV14;Capela;05.05.2017;C3;N;N;0;0;0;0;N
AFV14;Capela;07.05.2017;C3;N;N;0;0;0;0;N
AFV14;Capela;11.05.2017;C3;N;N;0;0;0;0;N
AFV14;Capela;13.07.2017;C3;S;N;20.2;0;0;0;N
AFV14;Capela;15.06.2017;C3;S;N;20.2;0;0;0;N
AFV14;Capela;15.08.2017;C3;S;N;20.2;0;0;0;N
AFV14;Capela;18.05.2017;C3;S;N;20.2;0;0;0;S
AFV14;Capela;25.05.2017;C3;S;N;20.2;0;0;0;N
AFV14;Capela;29.06.2017;C3;S;N;20.2;0;0;0;N
AFV14;Capela;01.06.2017;C4;S;N;15.7;0;0;0;N
AFV14;Capela;05.05.2017;C4;N;N;0;0;0;0;N
AFV14;Capela;07.05.2017;C4;N;N;0;0;0;0;N
AFV14;Capela;11.05.2017;C4;N;N;0;0;0;0;N
AFV14;Capela;13.07.2017;C4;S;N;15.7;0;0;0;N
AFV14;Capela;15.06.2017;C4;S;N;15.7;0;0;0;N
AFV14;Capela;15.08.2017;C4;S;N;15.7;0;0;0;N
AFV14;Capela;18.05.2017;C4;S;N;15.7;0;0;0;S
AFV14;Capela;25.05.2017;C4;S;N;15.7;0;0;0;N
AFV14;Capela;29.06.2017;C4;S;N;15.7;0;0;0;N
AFV14;Capela;01.06.2017;C5;S;N;0;0;0;0;N
AFV14;Capela;05.05.2017;C5;N;N;0;0;0;0;N
AFV14;Capela;07.05.2017;C5;N;N;0;0;0;0;N
AFV14;Capela;11.05.2017;C5;N;N;0;0;0;0;N
AFV14;Capela;13.07.2017;C5;S;N;0;0;0;0;N
AFV14;Capela;15.06.2017;C5;S;N;0;0;0;0;N
AFV14;Capela;15.08.2017;C5;S;N;0;0;0;0;N
AFV14;Capela;18.05.2017;C5;S;N;0;0;0;0;S
AFV14;Capela;25.05.2017;C5;S;N;0;0;0;0;N
AFV14;Capela;29.06.2017;C5;S;N;0;0;0;0;N
AFV14;Capela;01.06.2017;C6;S;N;0;0;0;0;N
AFV14;Capela;05.05.2017;C6;N;N;0;0;0;0;N
AFV14;Capela;07.05.2017;C6;N;N;0;0;0;0;N
AFV14;Capela;11.05.2017;C6;N;N;0;0;0;0;N
AFV14;Capela;13.07.2017;C6;S;N;0;0;0;0;N
AFV14;Capela;15.06.2017;C6;S;N;0;0;0;0;N
AFV14;Capela;15.08.2017;C6;S;N;0;0;0;0;N
AFV14;Capela;18.05.2017;C6;S;N;0;0;0;0;S
AFV14;Capela;25.05.2017;C6;S;N;0;0;0;0;N
AFV14;Capela;29.06.2017;C6;S;N;0;0;0;0;N
AFV14;Capela;01.06.2017;C7;S;N;0;0;0;0;N
AFV14;Capela;05.05.2017;C7;N;N;0;0;0;0;N
AFV14;Capela;07.05.2017;C7;N;N;0;0;0;0;N
AFV14;Capela;11.05.2017;C7;N;N;0;0;0;0;N
AFV14;Capela;13.07.2017;C7;S;N;0;0;0;0;N
AFV14;Capela;15.06.2017;C7;S;N;0;0;0;0;N
AFV14;Capela;15.08.2017;C7;S;N;0;0;0;0;N
AFV14;Capela;18.05.2017;C7;S;N;0;0;0;0;S
AFV14;Capela;25.05.2017;C7;S;N;0;0;0;0;N
AFV14;Capela;29.06.2017;C7;S;N;0;0;0;0;N
AFV14;Capela;01.06.2017;C8;S;N;0;0;0;0;N
AFV14;Capela;05.05.2017;C8;N;N;0;0;0;0;N
AFV14;Capela;07.05.2017;C8;N;N;0;0;0;0;N
AFV14;Capela;11.05.2017;C8;N;N;0;0;0;0;N
AFV14;Capela;13.07.2017;C8;S;N;0;0;0;0;N
AFV14;Capela;15.06.2017;C8;S;N;0;0;0;0;N
AFV14;Capela;15.08.2017;C8;S;N;0;0;0;0;N
AFV14;Capela;18.05.2017;C8;S;N;0;0;0;0;S
AFV14;Capela;25.05.2017;C8;S;N;0;0;0;0;N
AFV14;Capela;29.06.2017;C8;S;N;0;0;0;0;N
AFV14;Capela;01.06.2017;C9;S;N;0;0;0;0;N
AFV14;Capela;05.05.2017;C9;N;N;0;0;0;0;N
AFV14;Capela;07.05.2017;C9;N;N;0;0;0;0;N
AFV14;Capela;11.05.2017;C9;N;N;0;0;0;0;N
AFV14;Capela;13.07.2017;C9;S;N;0;0;0;0;N
AFV14;Capela;15.06.2017;C9;S;N;0;0;0;0;N
AFV14;Capela;15.08.2017;C9;S;N;0;0;0;0;N
AFV14;Capela;18.05.2017;C9;S;N;0;0;0;0;S
AFV14;Capela;25.05.2017;C9;S;N;0;0;0;0;N
AFV14;Capela;29.06.2017;C9;S;N;0;0;0;0;N
AFV15;Cova da onca;01.06.2017;C1;D;S;3.7;0;0;0;N
AFV15;Cova da onca;05.05.2017;C1;N;N;0;0;0;0;N
AFV15;Cova da onca;07.05.2017;C1;N;N;0;0;0;0;N
AFV15;Cova da onca;11.05.2017;C1;N;N;0;0;0;0;N
AFV15;Cova da onca;13.07.2017;C1;S;S;3.7;0;0;0;N
AFV15;Cova da onca;15.06.2017;C1;S;S;3.7;0;0;0;S
AFV15;Cova da onca;15.08.2017;C1;S;S;3.7;0;0;0;N
AFV15;Cova da onca;18.05.2017;C1;N;N;0;0;0;0;N
AFV15;Cova da onca;25.05.2017;C1;D;S;3.7;0;0;0;S
AFV15;Cova da onca;29.06.2017;C1;S;S;3.7;0;0;0;N
AFV15;Cova da onca;01.06.2017;C10;P;N;18.3;0;0;0;N
AFV15;Cova da onca;05.05.2017;C10;N;N;0;0;0;0;N
AFV15;Cova da onca;07.05.2017;C10;N;N;0;0;0;0;N
AFV15;Cova da onca;11.05.2017;C10;N;N;0;0;0;0;N
AFV15;Cova da onca;13.07.2017;C10;P;N;18.3;0;0;0;N
AFV15;Cova da onca;15.06.2017;C10;P;N;18.3;0;0;0;N
AFV15;Cova da onca;15.08.2017;C10;P;N;18.3;0;0;0;N
AFV15;Cova da onca;18.05.2017;C10;N;N;0;0;0;0;N
AFV15;Cova da onca;25.05.2017;C10;P;N;18.3;0;0;0;S
AFV15;Cova da onca;29.06.2017;C10;P;N;18.3;0;0;0;N
AFV15;Cova da onca;01.06.2017;C2;P;N;10.6;0;0;0;N
AFV15;Cova da onca;05.05.2017;C2;N;N;0;0;0;0;N
AFV15;Cova da onca;07.05.2017;C2;N;N;0;0;0;0;N
AFV15;Cova da onca;11.05.2017;C2;N;N;0;0;0;0;N
AFV15;Cova da onca;13.07.2017;C2;P;N;10.6;0;0;0;N
AFV15;Cova da onca;15.06.2017;C2;P;N;10.6;0;0;0;N
AFV15;Cova da onca;15.08.2017;C2;P;N;10.6;0;0;0;N
AFV15;Cova da onca;18.05.2017;C2;N;N;0;0;0;0;N
AFV15;Cova da onca;25.05.2017;C2;P;N;10.6;0;0;0;S
AFV15;Cova da onca;29.06.2017;C2;P;N;10.6;0;0;0;N
AFV15;Cova da onca;01.06.2017;C3;D;S;7.3;0;0;0;N
AFV15;Cova da onca;05.05.2017;C3;N;N;0;0;0;0;N
AFV15;Cova da onca;07.05.2017;C3;N;N;0;0;0;0;N
AFV15;Cova da onca;11.05.2017;C3;N;N;0;0;0;0;N
AFV15;Cova da onca;13.07.2017;C3;S;S;19.1;0;0;0;N
AFV15;Cova da onca;15.06.2017;C3;S;S;19.1;0;0;0;S
AFV15;Cova da onca;15.08.2017;C3;S;S;19.1;0;0;0;N
AFV15;Cova da onca;18.05.2017;C3;N;N;0;0;0;0;N
AFV15;Cova da onca;25.05.2017;C3;D;S;7.3;0;0;0;S
AFV15;Cova da onca;29.06.2017;C3;S;S;19.1;0;0;0;N
AFV15;Cova da onca;01.06.2017;C4;S;N;10.5;0;0;0;N
AFV15;Cova da onca;05.05.2017;C4;N;N;0;0;0;0;N
AFV15;Cova da onca;07.05.2017;C4;N;N;0;0;0;0;N
AFV15;Cova da onca;11.05.2017;C4;N;N;0;0;0;0;N
AFV15;Cova da onca;13.07.2017;C4;S;N;10.5;0;0;0;N
AFV15;Cova da onca;15.06.2017;C4;S;N;10.5;0;0;0;N
AFV15;Cova da onca;15.08.2017;C4;S;N;10.5;0;0;0;N
AFV15;Cova da onca;18.05.2017;C4;N;N;0;0;0;0;N
AFV15;Cova da onca;25.05.2017;C4;S;N;10.5;0;0;0;S
AFV15;Cova da onca;29.06.2017;C4;S;N;10.5;0;0;0;N
AFV15;Cova da onca;01.06.2017;C5;S;N;31.5;0;0;0;N
AFV15;Cova da onca;05.05.2017;C5;N;N;0;0;0;0;N
AFV15;Cova da onca;07.05.2017;C5;N;N;0;0;0;0;N
AFV15;Cova da onca;11.05.2017;C5;N;N;0;0;0;0;N
AFV15;Cova da onca;13.07.2017;C5;S;N;31.5;0;0;0;N
AFV15;Cova da onca;15.06.2017;C5;S;N;31.5;0;0;0;N
AFV15;Cova da onca;15.08.2017;C5;S;N;31.5;0;0;0;N
AFV15;Cova da onca;18.05.2017;C5;N;N;0;0;0;0;N
AFV15;Cova da onca;25.05.2017;C5;S;N;31.5;0;0;0;S
AFV15;Cova da onca;29.06.2017;C5;S;N;31.5;0;0;0;N
AFV15;Cova da onca;01.06.2017;C6;S;S;18.1;0;0;0;N
AFV15;Cova da onca;05.05.2017;C6;N;N;0;0;0;0;N
AFV15;Cova da onca;07.05.2017;C6;N;N;0;0;0;0;N
AFV15;Cova da onca;11.05.2017;C6;N;N;0;0;0;0;N
AFV15;Cova da onca;13.07.2017;C6;S;S;18.1;0;0;0;N
AFV15;Cova da onca;15.06.2017;C6;S;S;18.1;0;0;0;N
AFV15;Cova da onca;15.08.2017;C6;S;S;18.1;0;0;0;N
AFV15;Cova da onca;18.05.2017;C6;N;N;0;0;0;0;N
AFV15;Cova da onca;25.05.2017;C6;D;S;18.1;0;0;0;S
AFV15;Cova da onca;29.06.2017;C6;S;S;18.1;0;0;0;N
AFV15;Cova da onca;01.06.2017;C7;P;N;2.8;0;0;0;N
AFV15;Cova da onca;05.05.2017;C7;N;N;0;0;0;0;N
AFV15;Cova da onca;07.05.2017;C7;N;N;0;0;0;0;N
AFV15;Cova da onca;11.05.2017;C7;N;N;0;0;0;0;N
AFV15;Cova da onca;13.07.2017;C7;P;N;2.8;0;0;0;N
AFV15;Cova da onca;15.06.2017;C7;P;N;2.8;0;0;0;N
AFV15;Cova da onca;15.08.2017;C7;P;N;2.8;0;0;0;N
AFV15;Cova da onca;18.05.2017;C7;N;N;0;0;0;0;N
AFV15;Cova da onca;25.05.2017;C7;P;N;2.8;0;0;0;S
AFV15;Cova da onca;29.06.2017;C7;P;N;2.8;0;0;0;N
AFV15;Cova da onca;01.06.2017;C8;P;N;6.2;0;0;0;N
AFV15;Cova da onca;05.05.2017;C8;N;N;0;0;0;0;N
AFV15;Cova da onca;07.05.2017;C8;N;N;0;0;0;0;N
AFV15;Cova da onca;11.05.2017;C8;N;N;0;0;0;0;N
AFV15;Cova da onca;13.07.2017;C8;P;N;6.2;0;0;0;N
AFV15;Cova da onca;15.06.2017;C8;P;N;6.2;0;0;0;N
AFV15;Cova da onca;15.08.2017;C8;P;N;6.2;0;0;0;N
AFV15;Cova da onca;18.05.2017;C8;N;N;0;0;0;0;N
AFV15;Cova da onca;25.05.2017;C8;P;N;6.2;0;0;0;S
AFV15;Cova da onca;29.06.2017;C8;P;N;6.2;0;0;0;N
AFV15;Cova da onca;01.06.2017;C9;P;N;32.3;0;0;0;N
AFV15;Cova da onca;05.05.2017;C9;N;N;0;0;0;0;N
AFV15;Cova da onca;07.05.2017;C9;N;N;0;0;0;0;N
AFV15;Cova da onca;11.05.2017;C9;N;N;0;0;0;0;N
AFV15;Cova da onca;13.07.2017;C9;P;N;32.3;0;0;0;N
AFV15;Cova da onca;15.06.2017;C9;P;N;32.3;0;0;0;N
AFV15;Cova da onca;15.08.2017;C9;P;N;32.3;0;0;0;N
AFV15;Cova da onca;18.05.2017;C9;N;N;0;0;0;0;N
AFV15;Cova da onca;25.05.2017;C9;P;N;32.3;0;0;0;S
AFV15;Cova da onca;29.06.2017;C9;P;N;32.3;0;0;0;N
AFV16a;saida;01.06.2017;C1;N;N;0;0;0;0;N
AFV16a;saida;05.05.2017;C1;N;N;0;0;0;0;N
AFV16a;saida;07.05.2017;C1;N;N;0;0;0;0;N
AFV16a;saida;11.05.2017;C1;N;N;0;0;0;0;N
AFV16a;saida;13.07.2017;C1;N;N;0;0;0;0;N
AFV16a;saida;15.06.2017;C1;N;N;0;0;0;0;N
AFV16a;saida;15.08.2017;C1;N;N;0;0;0;0;N
AFV16a;saida;18.05.2017;C1;N;N;0;0;0;0;N
AFV16a;saida;25.05.2017;C1;N;N;0;0;0;0;N
AFV16a;saida;29.06.2017;C1;N;N;0;0;0;0;N
AFV16a;saida;01.06.2017;C10;N;N;0;0;0;0;N
AFV16a;saida;05.05.2017;C10;N;N;0;0;0;0;N
AFV16a;saida;07.05.2017;C10;N;N;0;0;0;0;N
AFV16a;saida;11.05.2017;C10;N;N;0;0;0;0;N
AFV16a;saida;13.07.2017;C10;N;N;0;0;0;0;N
AFV16a;saida;15.06.2017;C10;N;N;0;0;0;0;N
AFV16a;saida;15.08.2017;C10;N;N;0;0;0;0;N
AFV16a;saida;18.05.2017;C10;N;N;0;0;0;0;N
AFV16a;saida;25.05.2017;C10;N;N;0;0;0;0;N
AFV16a;saida;29.06.2017;C10;N;N;0;0;0;0;N
AFV16a;saida;01.06.2017;C2;N;N;0;0;0;0;N
AFV16a;saida;05.05.2017;C2;N;N;0;0;0;0;N
AFV16a;saida;07.05.2017;C2;N;N;0;0;0;0;N
AFV16a;saida;11.05.2017;C2;N;N;0;0;0;0;N
AFV16a;saida;13.07.2017;C2;N;N;0;0;0;0;N
AFV16a;saida;15.06.2017;C2;N;N;0;0;0;0;N
AFV16a;saida;15.08.2017;C2;N;N;0;0;0;0;N
AFV16a;saida;18.05.2017;C2;N;N;0;0;0;0;N
AFV16a;saida;25.05.2017;C2;N;N;0;0;0;0;N
AFV16a;saida;29.06.2017;C2;N;N;0;0;0;0;N
AFV16a;saida;01.06.2017;C3;N;N;0;0;0;0;N
AFV16a;saida;05.05.2017;C3;N;N;0;0;0;0;N
AFV16a;saida;07.05.2017;C3;N;N;0;0;0;0;N
AFV16a;saida;11.05.2017;C3;N;N;0;0;0;0;N
AFV16a;saida;13.07.2017;C3;N;N;0;0;0;0;N
AFV16a;saida;15.06.2017;C3;N;N;0;0;0;0;N
AFV16a;saida;15.08.2017;C3;N;N;0;0;0;0;N
AFV16a;saida;18.05.2017;C3;N;N;0;0;0;0;N
AFV16a;saida;25.05.2017;C3;N;N;0;0;0;0;N
AFV16a;saida;29.06.2017;C3;N;N;0;0;0;0;N
AFV16a;saida;01.06.2017;C4;N;N;0;0;0;0;N
AFV16a;saida;05.05.2017;C4;N;N;0;0;0;0;N
AFV16a;saida;07.05.2017;C4;N;N;0;0;0;0;N
AFV16a;saida;11.05.2017;C4;N;N;0;0;0;0;N
AFV16a;saida;13.07.2017;C4;N;N;0;0;0;0;N
AFV16a;saida;15.06.2017;C4;N;N;0;0;0;0;N
AFV16a;saida;15.08.2017;C4;N;N;0;0;0;0;N
AFV16a;saida;18.05.2017;C4;N;N;0;0;0;0;N
AFV16a;saida;25.05.2017;C4;N;N;0;0;0;0;N
AFV16a;saida;29.06.2017;C4;N;N;0;0;0;0;N
AFV16a;saida;01.06.2017;C5;N;N;0;0;0;0;N
AFV16a;saida;05.05.2017;C5;N;N;0;0;0;0;N
AFV16a;saida;07.05.2017;C5;N;N;0;0;0;0;N
AFV16a;saida;11.05.2017;C5;N;N;0;0;0;0;N
AFV16a;saida;13.07.2017;C5;N;N;0;0;0;0;N
AFV16a;saida;15.06.2017;C5;N;N;0;0;0;0;N
AFV16a;saida;15.08.2017;C5;N;N;0;0;0;0;N
AFV16a;saida;18.05.2017;C5;N;N;0;0;0;0;N
AFV16a;saida;25.05.2017;C5;N;N;0;0;0;0;N
AFV16a;saida;29.06.2017;C5;N;N;0;0;0;0;N
AFV16a;saida;01.06.2017;C6;N;N;0;0;0;0;N
AFV16a;saida;05.05.2017;C6;N;N;0;0;0;0;N
AFV16a;saida;07.05.2017;C6;N;N;0;0;0;0;N
AFV16a;saida;11.05.2017;C6;N;N;0;0;0;0;N
AFV16a;saida;13.07.2017;C6;N;N;0;0;0;0;N
AFV16a;saida;15.06.2017;C6;N;N;0;0;0;0;N
AFV16a;saida;15.08.2017;C6;N;N;0;0;0;0;N
AFV16a;saida;18.05.2017;C6;N;N;0;0;0;0;N
AFV16a;saida;25.05.2017;C6;N;N;0;0;0;0;N
AFV16a;saida;29.06.2017;C6;N;N;0;0;0;0;N
AFV16a;saida;01.06.2017;C7;N;N;0;0;0;0;N
AFV16a;saida;05.05.2017;C7;N;N;0;0;0;0;N
AFV16a;saida;07.05.2017;C7;N;N;0;0;0;0;N
AFV16a;saida;11.05.2017;C7;N;N;0;0;0;0;N
AFV16a;saida;13.07.2017;C7;N;N;0;0;0;0;N
AFV16a;saida;15.06.2017;C7;N;N;0;0;0;0;N
AFV16a;saida;15.08.2017;C7;N;N;0;0;0;0;N
AFV16a;saida;18.05.2017;C7;N;N;0;0;0;0;N
AFV16a;saida;25.05.2017;C7;N;N;0;0;0;0;N
AFV16a;saida;29.06.2017;C7;N;N;0;0;0;0;N
AFV16a;saida;01.06.2017;C8;N;N;0;0;0;0;N
AFV16a;saida;05.05.2017;C8;N;N;0;0;0;0;N
AFV16a;saida;07.05.2017;C8;N;N;0;0;0;0;N
AFV16a;saida;11.05.2017;C8;N;N;0;0;0;0;N
AFV16a;saida;13.07.2017;C8;N;N;0;0;0;0;N
AFV16a;saida;15.06.2017;C8;N;N;0;0;0;0;N
AFV16a;saida;15.08.2017;C8;N;N;0;0;0;0;N
AFV16a;saida;18.05.2017;C8;N;N;0;0;0;0;N
AFV16a;saida;25.05.2017;C8;N;N;0;0;0;0;N
AFV16a;saida;29.06.2017;C8;N;N;0;0;0;0;N
AFV16a;saida;01.06.2017;C9;N;N;0;0;0;0;N
AFV16a;saida;05.05.2017;C9;N;N;0;0;0;0;N
AFV16a;saida;07.05.2017;C9;N;N;0;0;0;0;N
AFV16a;saida;11.05.2017;C9;N;N;0;0;0;0;N
AFV16a;saida;13.07.2017;C9;N;N;0;0;0;0;N
AFV16a;saida;15.06.2017;C9;N;N;0;0;0;0;N
AFV16a;saida;15.08.2017;C9;N;N;0;0;0;0;N
AFV16a;saida;18.05.2017;C9;N;N;0;0;0;0;N
AFV16a;saida;25.05.2017;C9;N;N;0;0;0;0;N
AFV16a;saida;29.06.2017;C9;N;N;0;0;0;0;N
AFV17a;Casas;01.06.2017;C1;D;N;1.2;0;0;0;N
AFV17a;Casas;05.05.2017;C1;N;N;0;0;0;0;N
AFV17a;Casas;07.05.2017;C1;D;S;8.1;0;0;0;S
AFV17a;Casas;11.05.2017;C1;D;S;8.1;0;0;0;N
AFV17a;Casas;13.07.2017;C1;N;S;5.1;3;0;0;N
AFV17a;Casas;15.06.2017;C1;D;N;1.2;0;0;0;N
AFV17a;Casas;15.08.2017;C1;N;S;5.1;3;0;0;N
AFV17a;Casas;18.05.2017;C1;N;N;0;0;0;0;N
AFV17a;Casas;25.05.2017;C1;D;N;1.2;0;0;0;S
AFV17a;Casas;29.06.2017;C1;N;S;5.1;3;0;0;S
AFV17a;Casas;01.06.2017;C10;N;N;0;0;0;0;N
AFV17a;Casas;05.05.2017;C10;N;N;0;0;0;0;N
AFV17a;Casas;07.05.2017;C10;N;N;0;0;0;0;N
AFV17a;Casas;11.05.2017;C10;N;N;0;0;0;0;N
AFV17a;Casas;13.07.2017;C10;S;N;0.2;0;0;0;N
AFV17a;Casas;15.06.2017;C10;N;N;0;0;0;0;N
AFV17a;Casas;15.08.2017;C10;S;N;0.2;0;0;0;N
AFV17a;Casas;18.05.2017;C10;N;N;0;0;0;0;N
AFV17a;Casas;25.05.2017;C10;N;N;0;0;0;0;N
AFV17a;Casas;29.06.2017;C10;S;N;0.2;0;0;0;S
AFV17a;Casas;01.06.2017;C2;D;S;9;3.5;0;0;N
AFV17a;Casas;05.05.2017;C2;N;N;0;0;0;0;N
AFV17a;Casas;07.05.2017;C2;N;N;0;0;0;0;N
AFV17a;Casas;11.05.2017;C2;N;N;0;0;0;0;N
AFV17a;Casas;13.07.2017;C2;S;S;9;3.5;0;0;N
AFV17a;Casas;15.06.2017;C2;D;S;9;3.5;0;0;N
AFV17a;Casas;15.08.2017;C2;S;S;9;3.5;0;0;N
AFV17a;Casas;18.05.2017;C2;D;S;9;3.5;0;0;S
AFV17a;Casas;25.05.2017;C2;D;S;9;3.5;0;0;N
AFV17a;Casas;29.06.2017;C2;S;S;9;3.5;0;0;S
AFV17a;Casas;01.06.2017;C3;N;N;0;0;0;0;N
AFV17a;Casas;05.05.2017;C3;N;N;0;0;0;0;N
AFV17a;Casas;07.05.2017;C3;N;N;0;0;0;0;N
AFV17a;Casas;11.05.2017;C3;N;N;0;0;0;0;N
AFV17a;Casas;13.07.2017;C3;S;N;4;0;0;0;N
AFV17a;Casas;15.06.2017;C3;N;N;0;0;0;0;N
AFV17a;Casas;15.08.2017;C3;S;N;4;0;0;0;N
AFV17a;Casas;18.05.2017;C3;N;N;0;0;0;0;N
AFV17a;Casas;25.05.2017;C3;N;N;0;0;0;0;N
AFV17a;Casas;29.06.2017;C3;S;N;4;0;0;0;S
AFV17a;Casas;01.06.2017;C4;N;N;0;0;0;0;N
AFV17a;Casas;05.05.2017;C4;N;N;0;0;0;0;N
AFV17a;Casas;07.05.2017;C4;N;N;0;0;0;0;N
AFV17a;Casas;11.05.2017;C4;N;N;0;0;0;0;N
AFV17a;Casas;13.07.2017;C4;D;S;17.2;0;0;0;N
AFV17a;Casas;15.06.2017;C4;N;N;0;0;0;0;N
AFV17a;Casas;15.08.2017;C4;D;S;17.2;0;0;0;N
AFV17a;Casas;18.05.2017;C4;N;N;0;0;0;0;N
AFV17a;Casas;25.05.2017;C4;N;N;0;0;0;0;N
AFV17a;Casas;29.06.2017;C4;D;S;17.2;0;0;0;S
AFV17a;Casas;01.06.2017;C5;N;N;0;0;0;0;N
AFV17a;Casas;05.05.2017;C5;N;N;0;0;0;0;N
AFV17a;Casas;07.05.2017;C5;N;N;0;0;0;0;N
AFV17a;Casas;11.05.2017;C5;N;N;0;0;0;0;N
AFV17a;Casas;13.07.2017;C5;S;N;0.6;0;0;0;N
AFV17a;Casas;15.06.2017;C5;N;N;0;0;0;0;N
AFV17a;Casas;15.08.2017;C5;S;N;0.6;0;0;0;N
AFV17a;Casas;18.05.2017;C5;N;N;0;0;0;0;N
AFV17a;Casas;25.05.2017;C5;N;N;0;0;0;0;N
AFV17a;Casas;29.06.2017;C5;S;N;0.6;0;0;0;S
AFV17a;Casas;01.06.2017;C6;N;N;0;0;0;0;N
AFV17a;Casas;05.05.2017;C6;N;N;0;0;0;0;N
AFV17a;Casas;07.05.2017;C6;N;N;0;0;0;0;N
AFV17a;Casas;11.05.2017;C6;N;N;0;0;0;0;N
AFV17a;Casas;13.07.2017;C6;D;S;18.1;0;0;0;N
AFV17a;Casas;15.06.2017;C6;N;N;0;0;0;0;N
AFV17a;Casas;15.08.2017;C6;D;S;18.1;0;0;0;N
AFV17a;Casas;18.05.2017;C6;N;N;0;0;0;0;N
AFV17a;Casas;25.05.2017;C6;N;N;0;0;0;0;N
AFV17a;Casas;29.06.2017;C6;D;S;18.1;0;0;0;S
AFV17a;Casas;01.06.2017;C7;N;N;0;0;0;0;N
AFV17a;Casas;05.05.2017;C7;N;N;0;0;0;0;N
AFV17a;Casas;07.05.2017;C7;N;N;0;0;0;0;N
AFV17a;Casas;11.05.2017;C7;N;N;0;0;0;0;N
AFV17a;Casas;13.07.2017;C7;S;N;29.7;0;0;0;N
AFV17a;Casas;15.06.2017;C7;N;N;0;0;0;0;N
AFV17a;Casas;15.08.2017;C7;S;N;29.7;0;0;0;N
AFV17a;Casas;18.05.2017;C7;N;N;0;0;0;0;N
AFV17a;Casas;25.05.2017;C7;N;N;0;0;0;0;N
AFV17a;Casas;29.06.2017;C7;S;N;29.7;0;0;0;S
AFV17a;Casas;01.06.2017;C8;N;N;0;0;0;0;N
AFV17a;Casas;05.05.2017;C8;N;N;0;0;0;0;N
AFV17a;Casas;07.05.2017;C8;N;N;0;0;0;0;N
AFV17a;Casas;11.05.2017;C8;N;N;0;0;0;0;N
AFV17a;Casas;13.07.2017;C8;S;N;0.6;0;0;0;N
AFV17a;Casas;15.06.2017;C8;N;N;0;0;0;0;N
AFV17a;Casas;15.08.2017;C8;S;N;0.6;0;0;0;N
AFV17a;Casas;18.05.2017;C8;N;N;0;0;0;0;N
AFV17a;Casas;25.05.2017;C8;N;N;0;0;0;0;N
AFV17a;Casas;29.06.2017;C8;S;N;0.6;0;0;0;S
AFV17a;Casas;01.06.2017;C9;N;N;0;0;0;0;N
AFV17a;Casas;05.05.2017;C9;N;N;0;0;0;0;N
AFV17a;Casas;07.05.2017;C9;N;N;0;0;0;0;N
AFV17a;Casas;11.05.2017;C9;N;N;0;0;0;0;N
AFV17a;Casas;13.07.2017;C9;S;N;0.2;0;0;0;N
AFV17a;Casas;15.06.2017;C9;N;N;0;0;0;0;N
AFV17a;Casas;15.08.2017;C9;S;N;0.2;0;0;0;N
AFV17a;Casas;18.05.2017;C9;N;N;0;0;0;0;N
AFV17a;Casas;25.05.2017;C9;N;N;0;0;0;0;N
AFV17a;Casas;29.06.2017;C9;S;N;0.2;0;0;0;S
AFV18;Escadaria Abaixo;01.06.2017;C1;N;N;0;0;0;0;N
AFV18;Escadaria Abaixo;05.05.2017;C1;N;N;0;0;0;0;N
AFV18;Escadaria Abaixo;07.05.2017;C1;N;N;0;0;0;0;N
AFV18;Escadaria Abaixo;11.05.2017;C1;N;N;0;0;0;0;N
AFV18;Escadaria Abaixo;13.07.2017;C1;N;N;0;0;0;0;N
AFV18;Escadaria Abaixo;15.06.2017;C1;N;N;0;0;0;0;N
AFV18;Escadaria Abaixo;15.08.2017;C1;N;N;0;0;0;0;N
AFV18;Escadaria Abaixo;18.05.2017;C1;N;N;0;0;0;0;N
AFV18;Escadaria Abaixo;25.05.2017;C1;N;N;0;0;0;0;N
AFV18;Escadaria Abaixo;29.06.2017;C1;N;N;0;0;0;0;N
AFV18;Escadaria Abaixo;01.06.2017;C10;N;N;0;0;0;0;N
AFV18;Escadaria Abaixo;05.05.2017;C10;N;N;0;0;0;0;N
AFV18;Escadaria Abaixo;07.05.2017;C10;N;N;0;0;0;0;N
AFV18;Escadaria Abaixo;11.05.2017;C10;N;N;0;0;0;0;N
AFV18;Escadaria Abaixo;13.07.2017;C10;N;N;0;0;0;0;N
AFV18;Escadaria Abaixo;15.06.2017;C10;N;N;0;0;0;0;N
AFV18;Escadaria Abaixo;15.08.2017;C10;N;N;0;0;0;0;N
AFV18;Escadaria Abaixo;18.05.2017;C10;N;N;0;0;0;0;N
AFV18;Escadaria Abaixo;25.05.2017;C10;N;N;0;0;0;0;N
AFV18;Escadaria Abaixo;29.06.2017;C10;N;N;0;0;0;0;N
AFV18;Escadaria Abaixo;01.06.2017;C2;N;N;0;0;0;0;N
AFV18;Escadaria Abaixo;05.05.2017;C2;N;N;0;0;0;0;N
AFV18;Escadaria Abaixo;07.05.2017;C2;N;N;0;0;0;0;N
AFV18;Escadaria Abaixo;11.05.2017;C2;N;N;0;0;0;0;N
AFV18;Escadaria Abaixo;13.07.2017;C2;N;N;0;0;0;0;N
AFV18;Escadaria Abaixo;15.06.2017;C2;N;N;0;0;0;0;N
AFV18;Escadaria Abaixo;15.08.2017;C2;N;N;0;0;0;0;N
AFV18;Escadaria Abaixo;18.05.2017;C2;N;N;0;0;0;0;N
AFV18;Escadaria Abaixo;25.05.2017;C2;N;N;0;0;0;0;N
AFV18;Escadaria Abaixo;29.06.2017;C2;N;N;0;0;0;0;N
AFV18;Escadaria Abaixo;01.06.2017;C3;N;N;0;0;0;0;N
AFV18;Escadaria Abaixo;05.05.2017;C3;N;N;0;0;0;0;N
AFV18;Escadaria Abaixo;07.05.2017;C3;N;N;0;0;0;0;N
AFV18;Escadaria Abaixo;11.05.2017;C3;N;N;0;0;0;0;N
AFV18;Escadaria Abaixo;13.07.2017;C3;N;N;0;0;0;0;N
AFV18;Escadaria Abaixo;15.06.2017;C3;N;N;0;0;0;0;N
AFV18;Escadaria Abaixo;15.08.2017;C3;N;N;0;0;0;0;N
AFV18;Escadaria Abaixo;18.05.2017;C3;N;N;0;0;0;0;N
AFV18;Escadaria Abaixo;25.05.2017;C3;N;N;0;0;0;0;N
AFV18;Escadaria Abaixo;29.06.2017;C3;N;N;0;0;0;0;N
AFV18;Escadaria Abaixo;01.06.2017;C4;N;N;0;0;0;0;N
AFV18;Escadaria Abaixo;05.05.2017;C4;N;N;0;0;0;0;N
AFV18;Escadaria Abaixo;07.05.2017;C4;N;N;0;0;0;0;N
AFV18;Escadaria Abaixo;11.05.2017;C4;N;N;0;0;0;0;N
AFV18;Escadaria Abaixo;13.07.2017;C4;N;N;0;0;0;0;N
AFV18;Escadaria Abaixo;15.06.2017;C4;N;N;0;0;0;0;N
AFV18;Escadaria Abaixo;15.08.2017;C4;N;N;0;0;0;0;N
AFV18;Escadaria Abaixo;18.05.2017;C4;N;N;0;0;0;0;N
AFV18;Escadaria Abaixo;25.05.2017;C4;N;N;0;0;0;0;N
AFV18;Escadaria Abaixo;29.06.2017;C4;N;N;0;0;0;0;N
AFV18;Escadaria Abaixo;01.06.2017;C5;N;N;0;0;0;0;N
AFV18;Escadaria Abaixo;05.05.2017;C5;N;N;0;0;0;0;N
AFV18;Escadaria Abaixo;07.05.2017;C5;N;N;0;0;0;0;N
AFV18;Escadaria Abaixo;11.05.2017;C5;N;N;0;0;0;0;N
AFV18;Escadaria Abaixo;13.07.2017;C5;N;N;0;0;0;0;N
AFV18;Escadaria Abaixo;15.06.2017;C5;N;N;0;0;0;0;N
AFV18;Escadaria Abaixo;15.08.2017;C5;N;N;0;0;0;0;N
AFV18;Escadaria Abaixo;18.05.2017;C5;N;N;0;0;0;0;N
AFV18;Escadaria Abaixo;25.05.2017;C5;N;N;0;0;0;0;N
AFV18;Escadaria Abaixo;29.06.2017;C5;N;N;0;0;0;0;N
AFV18;Escadaria Abaixo;01.06.2017;C6;N;N;0;0;0;0;N
AFV18;Escadaria Abaixo;05.05.2017;C6;N;N;0;0;0;0;N
AFV18;Escadaria Abaixo;07.05.2017;C6;N;N;0;0;0;0;N
AFV18;Escadaria Abaixo;11.05.2017;C6;N;N;0;0;0;0;N
AFV18;Escadaria Abaixo;13.07.2017;C6;N;N;0;0;0;0;N
AFV18;Escadaria Abaixo;15.06.2017;C6;N;N;0;0;0;0;N
AFV18;Escadaria Abaixo;15.08.2017;C6;N;N;0;0;0;0;N
AFV18;Escadaria Abaixo;18.05.2017;C6;N;N;0;0;0;0;N
AFV18;Escadaria Abaixo;25.05.2017;C6;N;N;0;0;0;0;N
AFV18;Escadaria Abaixo;29.06.2017;C6;N;N;0;0;0;0;N
AFV18;Escadaria Abaixo;01.06.2017;C7;N;N;0;0;0;0;N
AFV18;Escadaria Abaixo;05.05.2017;C7;N;N;0;0;0;0;N
AFV18;Escadaria Abaixo;07.05.2017;C7;N;N;0;0;0;0;N
AFV18;Escadaria Abaixo;11.05.2017;C7;N;N;0;0;0;0;N
AFV18;Escadaria Abaixo;13.07.2017;C7;N;N;0;0;0;0;N
AFV18;Escadaria Abaixo;15.06.2017;C7;N;N;0;0;0;0;N
AFV18;Escadaria Abaixo;15.08.2017;C7;N;N;0;0;0;0;N
AFV18;Escadaria Abaixo;18.05.2017;C7;N;N;0;0;0;0;N
AFV18;Escadaria Abaixo;25.05.2017;C7;N;N;0;0;0;0;N
AFV18;Escadaria Abaixo;29.06.2017;C7;N;N;0;0;0;0;N
AFV18;Escadaria Abaixo;01.06.2017;C8;N;N;0;0;0;0;N
AFV18;Escadaria Abaixo;05.05.2017;C8;N;N;0;0;0;0;N
AFV18;Escadaria Abaixo;07.05.2017;C8;N;N;0;0;0;0;N
AFV18;Escadaria Abaixo;11.05.2017;C8;N;N;0;0;0;0;N
AFV18;Escadaria Abaixo;13.07.2017;C8;N;N;0;0;0;0;N
AFV18;Escadaria Abaixo;15.06.2017;C8;N;N;0;0;0;0;N
AFV18;Escadaria Abaixo;15.08.2017;C8;N;N;0;0;0;0;N
AFV18;Escadaria Abaixo;18.05.2017;C8;N;N;0;0;0;0;N
AFV18;Escadaria Abaixo;25.05.2017;C8;N;N;0;0;0;0;N
AFV18;Escadaria Abaixo;29.06.2017;C8;N;N;0;0;0;0;N
AFV18;Escadaria Abaixo;01.06.2017;C9;N;N;0;0;0;0;N
AFV18;Escadaria Abaixo;05.05.2017;C9;N;N;0;0;0;0;N
AFV18;Escadaria Abaixo;07.05.2017;C9;N;N;0;0;0;0;N
AFV18;Escadaria Abaixo;11.05.2017;C9;N;N;0;0;0;0;N
AFV18;Escadaria Abaixo;13.07.2017;C9;N;N;0;0;0;0;N
AFV18;Escadaria Abaixo;15.06.2017;C9;N;N;0;0;0;0;N
AFV18;Escadaria Abaixo;15.08.2017;C9;N;N;0;0;0;0;N
AFV18;Escadaria Abaixo;18.05.2017;C9;N;N;0;0;0;0;N
AFV18;Escadaria Abaixo;25.05.2017;C9;N;N;0;0;0;0;N
AFV18;Escadaria Abaixo;29.06.2017;C9;N;N;0;0;0;0;N
AFV19;Cascatinha;01.06.2017;C1;N;N;0;0;0;0;N
AFV19;Cascatinha;05.05.2017;C1;N;N;0;0;0;0;N
AFV19;Cascatinha;07.05.2017;C1;N;N;0;0;0;0;N
AFV19;Cascatinha;11.05.2017;C1;N;N;0;0;0;0;N
AFV19;Cascatinha;13.07.2017;C1;N;N;0;0;0;0;N
AFV19;Cascatinha;15.06.2017;C1;N;N;0;0;0;0;N
AFV19;Cascatinha;15.08.2017;C1;N;N;0;0;0;0;N
AFV19;Cascatinha;18.05.2017;C1;N;N;0;0;0;0;N
AFV19;Cascatinha;25.05.2017;C1;N;N;0;0;0;0;N
AFV19;Cascatinha;29.06.2017;C1;N;N;0;0;0;0;N
AFV19;Cascatinha;01.06.2017;C10;N;N;0;0;0;0;N
AFV19;Cascatinha;05.05.2017;C10;N;N;0;0;0;0;N
AFV19;Cascatinha;07.05.2017;C10;N;N;0;0;0;0;N
AFV19;Cascatinha;11.05.2017;C10;N;N;0;0;0;0;N
AFV19;Cascatinha;13.07.2017;C10;N;N;0;0;0;0;N
AFV19;Cascatinha;15.06.2017;C10;N;N;0;0;0;0;N
AFV19;Cascatinha;15.08.2017;C10;N;N;0;0;0;0;N
AFV19;Cascatinha;18.05.2017;C10;N;N;0;0;0;0;N
AFV19;Cascatinha;25.05.2017;C10;N;N;0;0;0;0;N
AFV19;Cascatinha;29.06.2017;C10;N;N;0;0;0;0;N
AFV19;Cascatinha;01.06.2017;C2;N;N;0;0;0;0;N
AFV19;Cascatinha;05.05.2017;C2;N;N;0;0;0;0;N
AFV19;Cascatinha;07.05.2017;C2;N;N;0;0;0;0;N
AFV19;Cascatinha;11.05.2017;C2;N;N;0;0;0;0;N
AFV19;Cascatinha;13.07.2017;C2;N;N;0;0;0;0;N
AFV19;Cascatinha;15.06.2017;C2;N;N;0;0;0;0;N
AFV19;Cascatinha;15.08.2017;C2;N;N;0;0;0;0;N
AFV19;Cascatinha;18.05.2017;C2;N;N;0;0;0;0;N
AFV19;Cascatinha;25.05.2017;C2;N;N;0;0;0;0;N
AFV19;Cascatinha;29.06.2017;C2;N;N;0;0;0;0;N
AFV19;Cascatinha;01.06.2017;C3;N;N;0;0;0;0;N
AFV19;Cascatinha;05.05.2017;C3;N;N;0;0;0;0;N
AFV19;Cascatinha;07.05.2017;C3;N;N;0;0;0;0;S
AFV19;Cascatinha;11.05.2017;C3;N;N;0;0;0;0;N
AFV19;Cascatinha;13.07.2017;C3;N;N;0;0;0;0;N
AFV19;Cascatinha;15.06.2017;C3;N;N;0;0;0;0;N
AFV19;Cascatinha;15.08.2017;C3;N;N;0;0;0;0;N
AFV19;Cascatinha;18.05.2017;C3;N;N;0;0;0;0;N
AFV19;Cascatinha;25.05.2017;C3;N;N;0;0;0;0;N
AFV19;Cascatinha;29.06.2017;C3;N;N;0;0;0;0;N
AFV19;Cascatinha;01.06.2017;C4;N;N;0;0;0;0;N
AFV19;Cascatinha;05.05.2017;C4;N;N;0;0;0;0;N
AFV19;Cascatinha;07.05.2017;C4;N;N;0;0;0;0;N
AFV19;Cascatinha;11.05.2017;C4;N;N;0;0;0;0;N
AFV19;Cascatinha;13.07.2017;C4;N;N;0;0;0;0;N
AFV19;Cascatinha;15.06.2017;C4;N;N;0;0;0;0;N
AFV19;Cascatinha;15.08.2017;C4;N;N;0;0;0;0;N
AFV19;Cascatinha;18.05.2017;C4;N;N;0;0;0;0;N
AFV19;Cascatinha;25.05.2017;C4;N;N;0;0;0;0;N
AFV19;Cascatinha;29.06.2017;C4;N;N;0;0;0;0;N
AFV19;Cascatinha;01.06.2017;C5;N;N;0;0;0;0;N
AFV19;Cascatinha;05.05.2017;C5;N;N;0;0;0;0;N
AFV19;Cascatinha;07.05.2017;C5;N;N;0;0;0;0;N
AFV19;Cascatinha;11.05.2017;C5;N;N;0;0;0;0;N
AFV19;Cascatinha;13.07.2017;C5;N;N;0;0;0;0;N
AFV19;Cascatinha;15.06.2017;C5;N;N;0;0;0;0;N
AFV19;Cascatinha;15.08.2017;C5;N;N;0;0;0;0;N
AFV19;Cascatinha;18.05.2017;C5;N;N;0;0;0;0;N
AFV19;Cascatinha;25.05.2017;C5;N;N;0;0;0;0;N
AFV19;Cascatinha;29.06.2017;C5;N;N;0;0;0;0;N
AFV19;Cascatinha;01.06.2017;C6;N;N;0;0;0;0;N
AFV19;Cascatinha;05.05.2017;C6;N;N;0;0;0;0;N
AFV19;Cascatinha;07.05.2017;C6;N;N;0;0;0;0;N
AFV19;Cascatinha;11.05.2017;C6;N;N;0;0;0;0;N
AFV19;Cascatinha;13.07.2017;C6;N;N;0;0;0;0;N
AFV19;Cascatinha;15.06.2017;C6;N;N;0;0;0;0;N
AFV19;Cascatinha;15.08.2017;C6;N;N;0;0;0;0;N
AFV19;Cascatinha;18.05.2017;C6;N;N;0;0;0;0;N
AFV19;Cascatinha;25.05.2017;C6;N;N;0;0;0;0;N
AFV19;Cascatinha;29.06.2017;C6;N;N;0;0;0;0;N
AFV19;Cascatinha;01.06.2017;C7;N;N;0;0;0;0;N
AFV19;Cascatinha;05.05.2017;C7;N;N;0;0;0;0;N
AFV19;Cascatinha;07.05.2017;C7;N;N;0;0;0;0;N
AFV19;Cascatinha;11.05.2017;C7;N;N;0;0;0;0;N
AFV19;Cascatinha;13.07.2017;C7;N;N;0;0;0;0;N
AFV19;Cascatinha;15.06.2017;C7;N;N;0;0;0;0;N
AFV19;Cascatinha;15.08.2017;C7;N;N;0;0;0;0;N
AFV19;Cascatinha;18.05.2017;C7;N;N;0;0;0;0;N
AFV19;Cascatinha;25.05.2017;C7;N;N;0;0;0;0;N
AFV19;Cascatinha;29.06.2017;C7;N;N;0;0;0;0;N
AFV19;Cascatinha;01.06.2017;C8;N;N;0;0;0;0;N
AFV19;Cascatinha;05.05.2017;C8;N;N;0;0;0;0;N
AFV19;Cascatinha;07.05.2017;C8;N;N;0;0;0;0;N
AFV19;Cascatinha;11.05.2017;C8;N;N;0;0;0;0;N
AFV19;Cascatinha;13.07.2017;C8;N;N;0;0;0;0;N
AFV19;Cascatinha;15.06.2017;C8;N;N;0;0;0;0;N
AFV19;Cascatinha;15.08.2017;C8;N;N;0;0;0;0;N
AFV19;Cascatinha;18.05.2017;C8;N;N;0;0;0;0;N
AFV19;Cascatinha;25.05.2017;C8;N;N;0;0;0;0;N
AFV19;Cascatinha;29.06.2017;C8;N;N;0;0;0;0;N
AFV19;Cascatinha;01.06.2017;C9;N;N;0;0;0;0;N
AFV19;Cascatinha;05.05.2017;C9;N;N;0;0;0;0;N
AFV19;Cascatinha;07.05.2017;C9;N;N;0;0;0;0;N
AFV19;Cascatinha;11.05.2017;C9;N;N;0;0;0;0;N
AFV19;Cascatinha;13.07.2017;C9;N;N;0;0;0;0;N
AFV19;Cascatinha;15.06.2017;C9;N;N;0;0;0;0;N
AFV19;Cascatinha;15.08.2017;C9;N;N;0;0;0;0;N
AFV19;Cascatinha;18.05.2017;C9;N;N;0;0;0;0;N
AFV19;Cascatinha;25.05.2017;C9;N;N;0;0;0;0;N
AFV19;Cascatinha;29.06.2017;C9;N;N;0;0;0;0;N
AFV20;Grutas;01.06.2017;C1;P;N;0;0;0;0;N
AFV20;Grutas;05.05.2017;C1;N;N;0;0;0;0;N
AFV20;Grutas;07.05.2017;C1;N;N;0;0;0;0;N
AFV20;Grutas;11.05.2017;C1;N;N;0;0;0;0;N
AFV20;Grutas;13.07.2017;C1;P;N;0;0;0;0;N
AFV20;Grutas;15.06.2017;C1;P;N;0;0;0;0;N
AFV20;Grutas;15.08.2017;C1;P;N;0;0;0;0;N
AFV20;Grutas;18.05.2017;C1;N;N;0;0;0;0;N
AFV20;Grutas;25.05.2017;C1;P;N;0;0;0;0;N
AFV20;Grutas;29.06.2017;C1;P;N;0;0;0;0;N
AFV20;Grutas;01.06.2017;C10;P;N;0;0;0;0;N
AFV20;Grutas;05.05.2017;C10;N;N;0;0;0;0;N
AFV20;Grutas;07.05.2017;C10;N;N;0;0;0;0;N
AFV20;Grutas;11.05.2017;C10;N;N;0;0;0;0;N
AFV20;Grutas;13.07.2017;C10;P;N;0;0;0;0;N
AFV20;Grutas;15.06.2017;C10;P;N;0;0;0;0;N
AFV20;Grutas;15.08.2017;C10;P;N;0;0;0;0;N
AFV20;Grutas;18.05.2017;C10;N;N;0;0;0;0;N
AFV20;Grutas;25.05.2017;C10;P;N;0;0;0;0;N
AFV20;Grutas;29.06.2017;C10;P;N;0;0;0;0;N
AFV20;Grutas;01.06.2017;C2;N;N;0;0;0;0;N
AFV20;Grutas;05.05.2017;C2;N;N;0;0;0;0;N
AFV20;Grutas;07.05.2017;C2;N;N;0;0;0;0;N
AFV20;Grutas;11.05.2017;C2;N;N;0;0;0;0;N
AFV20;Grutas;13.07.2017;C2;P;N;11.2;0;0;0;N
AFV20;Grutas;15.06.2017;C2;N;N;0;0;0;0;N
AFV20;Grutas;15.08.2017;C2;P;N;11.2;0;0;0;N
AFV20;Grutas;18.05.2017;C2;N;N;0;0;0;0;N
AFV20;Grutas;25.05.2017;C2;N;N;0;0;0;0;N
AFV20;Grutas;29.06.2017;C2;P;N;11.2;0;0;0;S
AFV20;Grutas;01.06.2017;C3;P;N;0;0;0;0;N
AFV20;Grutas;05.05.2017;C3;N;N;0;0;0;0;N
AFV20;Grutas;07.05.2017;C3;N;N;0;0;0;0;N
AFV20;Grutas;11.05.2017;C3;N;N;0;0;0;0;N
AFV20;Grutas;13.07.2017;C3;P;N;0;0;0;0;N
AFV20;Grutas;15.06.2017;C3;P;N;0;0;0;0;N
AFV20;Grutas;15.08.2017;C3;P;N;0;0;0;0;N
AFV20;Grutas;18.05.2017;C3;N;N;0;0;0;0;N
AFV20;Grutas;25.05.2017;C3;N;N;0;0;0;0;N
AFV20;Grutas;29.06.2017;C3;P;N;0;0;0;0;N
AFV20;Grutas;01.06.2017;C4;P;N;0;0;0;0;S
AFV20;Grutas;05.05.2017;C4;N;N;0;0;0;0;N
AFV20;Grutas;07.05.2017;C4;N;N;0;0;0;0;N
AFV20;Grutas;11.05.2017;C4;N;N;0;0;0;0;N
AFV20;Grutas;13.07.2017;C4;P;N;0;0;0;0;N
AFV20;Grutas;15.06.2017;C4;P;N;0;0;0;0;N
AFV20;Grutas;15.08.2017;C4;P;N;0;0;0;0;N
AFV20;Grutas;18.05.2017;C4;D;N;13.5;0;0;0;S
AFV20;Grutas;25.05.2017;C4;D;N;13.5;0;0;0;N
AFV20;Grutas;29.06.2017;C4;P;N;0;0;0;0;N
AFV20;Grutas;01.06.2017;C5;N;N;0;0;0;0;N
AFV20;Grutas;05.05.2017;C5;N;N;0;0;0;0;N
AFV20;Grutas;07.05.2017;C5;N;N;0;0;0;0;N
AFV20;Grutas;11.05.2017;C5;N;N;0;0;0;0;N
AFV20;Grutas;13.07.2017;C5;N;N;0;0;0;0;N
AFV20;Grutas;15.06.2017;C5;N;N;0;0;0;0;N
AFV20;Grutas;15.08.2017;C5;N;N;0;0;0;0;N
AFV20;Grutas;18.05.2017;C5;N;N;0;0;0;0;N
AFV20;Grutas;25.05.2017;C5;N;N;0;0;0;0;N
AFV20;Grutas;29.06.2017;C5;N;N;0;0;0;0;N
AFV20;Grutas;01.06.2017;C6;S;N;32.8;0;0;0;N
AFV20;Grutas;05.05.2017;C6;D;N;19.1;0;0;0;N
AFV20;Grutas;07.05.2017;C6;D;N;19.1;0;0;0;N
AFV20;Grutas;11.05.2017;C6;D;N;19.1;0;0;0;S
AFV20;Grutas;13.07.2017;C6;S;N;32.8;0;0;0;N
AFV20;Grutas;15.06.2017;C6;S;N;32.8;0;0;0;N
AFV20;Grutas;15.08.2017;C6;S;N;32.8;0;0;0;N
AFV20;Grutas;18.05.2017;C6;S;N;32.8;0;0;0;S
AFV20;Grutas;25.05.2017;C6;S;N;32.8;0;0;0;N
AFV20;Grutas;29.06.2017;C6;S;N;32.8;0;0;0;N
AFV20;Grutas;01.06.2017;C7;P;N;0;0;0;0;S
AFV20;Grutas;05.05.2017;C7;N;N;0;0;0;0;N
AFV20;Grutas;07.05.2017;C7;N;N;0;0;0;0;N
AFV20;Grutas;11.05.2017;C7;N;N;0;0;0;0;N
AFV20;Grutas;13.07.2017;C7;P;N;0;0;0;0;N
AFV20;Grutas;15.06.2017;C7;P;N;0;0;0;0;N
AFV20;Grutas;15.08.2017;C7;P;N;0;0;0;0;N
AFV20;Grutas;18.05.2017;C7;D;N;25.8;0;0;0;S
AFV20;Grutas;25.05.2017;C7;D;N;25.8;0;0;0;N
AFV20;Grutas;29.06.2017;C7;P;N;0;0;0;0;N
AFV20;Grutas;01.06.2017;C8;P;N;0;0;0;0;S
AFV20;Grutas;05.05.2017;C8;N;N;0;0;0;0;N
AFV20;Grutas;07.05.2017;C8;N;N;0;0;0;0;N
AFV20;Grutas;11.05.2017;C8;N;N;0;0;0;0;N
AFV20;Grutas;13.07.2017;C8;P;N;0;0;0;0;N
AFV20;Grutas;15.06.2017;C8;P;N;0;0;0;0;N
AFV20;Grutas;15.08.2017;C8;P;N;0;0;0;0;N
AFV20;Grutas;18.05.2017;C8;D;N;21.3;0;0;0;S
AFV20;Grutas;25.05.2017;C8;D;N;21.3;0;0;0;N
AFV20;Grutas;29.06.2017;C8;P;N;0;0;0;0;N
AFV20;Grutas;01.06.2017;C9;P;N;0;0;0;0;S
AFV20;Grutas;05.05.2017;C9;N;N;0;0;0;0;N
AFV20;Grutas;07.05.2017;C9;N;N;0;0;0;0;N
AFV20;Grutas;11.05.2017;C9;N;N;0;0;0;0;N
AFV20;Grutas;13.07.2017;C9;P;N;0;0;0;0;N
AFV20;Grutas;15.06.2017;C9;P;N;0;0;0;0;N
AFV20;Grutas;15.08.2017;C9;P;N;0;0;0;0;N
AFV20;Grutas;18.05.2017;C9;D;N;18;0;0;0;S
AFV20;Grutas;25.05.2017;C9;D;N;18;0;0;0;N
AFV20;Grutas;29.06.2017;C9;P;N;0;0;0;0;N
